С,Часы звонков,1 курс,,1 курс,,,,1 курс,,1 курс,,,,1 курс,,,,,,1 курс,,,,1 курс,,,1 курс,,,,2 курс,,,,2 курс,,,,2 курс,,,,,,2 курс,,,,2 курс,,,,,2 курс,,,,3 курс,,,,,,,,3 курс,,,,,,3 курс,,,,,,3 курс,,,3 курс,,,3 курс,,3 курс,,,,4 курс,,,,,,,,,,,,,,4 курс,,,,,,4 курс,,,,,,,,,,4 курс,,,,5 курс,,6 курс
,,1 группа,,2 группа,,3 группа,,4 группа,,5 группа,,6 группа,,7 группа,,8 группа,,9 группа,,10 группа,,11 группа ,,12 группа ,,13 группа,14 группа ,,15 группа,,1 группа,,2 группа,,3 группа,,4 группа,,5 группа,,6 группа,,7 группа,,8 группа,,9 группа,,10 группа,,11 группа,,12 группа,13 группа,,14 группа,,1 группа ,,2 группа ,,3 группа,,4 группа,,5 группа,,6 группа,,7 группа,,8 группа,,9 группа,,10 группа,,11 группа,,12 группа,13 группа,,,14 группа,,15 группа ,,16 группа ,,1 группа,,2 группа,,3 группа,,4 группа,,5 группа,,6 группа,,7 группа,,8 группа,,9 группа,,10 группа,,11 группа,,12 группа,,13 группа,ПММ,,14 группа,,15 группа,16 группа ,,17 группа ,,1 группа,ПММ,1 группа
,,"Направление ""Информационные системы и технологии""",,,,,,,,"Направление ""Программная инженерия""",,,,,,,,"Направление ""Информационная безопасность""",,,,"Специальность ""Компьютерная безопасность""",,"Направление ""Прикладная информатика""",,,"Направление ""Математика и компьютерные науки""",,,,"Направление ""Информационные системы и технологии"" ",,,,,,,,"Направление ""Программная инженерия""",,,,,,"Направление ""Информационная безопасность""",,,,"Специальность ""Компьютерная безопасность""",,"Направление ""Прикладная информатика""",,,"Направление ""Математика и компьютерные науки""",,,,"Направление ""Информационные системы и технологии"" ",,,,,,,,,,,,,,"Направление ""Программная инженерия""",,,,,,"Направление ""ИБ""",,,"Специальность ""Компьютерная безопасность""",,,"Направление ""Прикладная информатика в экономике""",,"Направление ""Математика и компьютерные науки""",,,,"Направление ""Информационные системы и технологии"" ",,,,,,,,,,,,,,"Направление ""Программная инженерия""",,,,,,"Направление ""ИБ""",,,,"Специальность ""Компьютерная безопасность""",,,"Направление ""Прикладная информатика"" ",,,"Направление ""Математика и компьютерные науки""",,,,"Специальность ""Компьютерная безопасность""",,"Специальность ""Компьютерная безопасность"""
,,"проыиль ""Инженерия информационных систем и технологий""",,,,,,,,"профиль ""Информационные системы и сетевые технологии"" ",,,,,,,," профиль ""Безопасность компьютерных систем"" ",,,,"специализация ""РЗПО""","специализация ""АБКС"" (военные)","профиль ""Прикладная информатика в экономике""",,,,,,,,,,,,,,,"профиль ""Информационные системы и сетевые технологии"" ",,,,,," профиль ""Безопасность компьютерных систем"" ",,,,"специализация ""РЗПО""",,"профиль ""Прикладная информатика в экономике""",,,"профиль ""Распределенные системы и искусственный интеллект""",,"профиль ""Квантовая теория информации""",,ИСиСТ,,ИСТК,,ВВМиИВ,,ОИМО,,ИСиТУП,,ПИвИС ,,ИТвЦД,,"профиль ""Информационные системы и сетевые технологии"" ",,,,,," профиль ""Безопасность компьютерных систем"" ",,,"специализация ""АБКС""","специализация ""БКСиС"" (гражданские) (29)",,"профиль ""Прикладная информатика в экономике"" ",,"профиль ""Распределенные системы и искусственный интеллект""",,"профиль ""Квантовая теория информации""",,ИСиСТ,,ИСТК,,ВВМиИВ,,ОИМО,,ИСиТУП,,ПИвИС,,ИТвЦД,,"профиль ""Информационные системы и сетевые технологии""",,,,,," профиль ""Безопасность компьютерных систем""",,,,"специализация ""АБКС""","специализация ""ММЗИ""","специализация ""БКСиС"" (гражданские)","профиль ""Прикладная информатика в экономике""",,,"профиль ""Распределенные системы и искусственный интеллект""",,"профиль ""Квантовая теория информации""",,"специализация ""АБКС""","специализация ""ММЗИ""","специализация ""АБКС"""
Понедельник,8:00 - 9:35,,,,,,,,,,,,,,,,,,,,,,,,,,,,,,Теория вероятностей ст.преп. Некипелов Е.А. 307П,,ООП асс. Борисов А.Д.  314П,,Компьютерная геометрия и графика  преп. Косенко И.М. 316П,Компьютерная геометрия и графика  преп. Косенко И.М. 316П,УД асс. Фролова В.В. 385,,,,,,,,,,,,,,,,,,,,,,,,,,,,,,,,,,,"Основы военной подготовки, 10 корпус, ул. Никитинская 14Б,  Насонов, ауд. 21",,"Основы военной подготовки, 10 корпус, ул. Никитинская 14Б,  Сидоренко, ауд. 22",,"Основы военной подготовки, 10 корпус, ул. Никитинская 14Б,  Кречун, ауд. 44",,"Основы военной подготовки, 10 корпус, ул. Никитинская 14Б,  Сапронов, ауд. 31",,,,,,Военная подготовка,,Основы военной подготовки доц. Скоробогатова Л.Г. (ДО),,,,,,,,,,Моделирование систем ст.преп. Швырева А.В. 382,,,Администрирование ИС доц. Маковий К.А. 381,,,,,,,,,,,,,,,Компьютерные сети проф. Абрамов Г.В. 227,,,Основы эконометрического моделирования доц. Алейникова Н.А. 505П,,,Методы оптимизации доц. Атанов А.В. 477,,,,ВУЦ,,
,,,,,,,,,,,,,,,,,,,,,,,,,,,,,,,,,,ООП асс. Борисов А.Д.  314П,УД асс. Фролова В.В. 290,УД асс. Фролова В.В. 290,,,Компьютерная геометрия и графика  преп. Косенко И.М. 316П,Компьютерная геометрия и графика  преп. Косенко И.М. 316П,,,Компьютерная геометрия и графика ст.преп. Нужных А.В. 297,,,,,,,,,,,,,,,,,,,,,"Основы военной подготовки, 10 корпус, ул. Никитинская 14Б,  Кречун, ауд. 44",,,,,,,,Основы военной подготовки доц. Скоробогатова Л.Г. (ДО),,,,,,,,,,,,,,"Основы военной подготовки, 10 корпус, ул. Никитинская 14Б, Насонов, ауд. 21",,"Основы военной подготовки, 10 корпус, ул. Никитинская 14Б, Резанович, ауд. 22",,,,,,,,,Администрирование ИС доц. Маковий К.А. 301П,Технологии искусственного интеллекта  доц. Илларионов И.В. 295,Технологии искусственного интеллекта  доц. Илларионов И.В. 295,,,,,Ин.яз. доц. Стрельникова М.А. 308П,,,,,,,,,,,,,,,,,,,,,,
,9:45 - 11:20,,,,,,,,,,,,,,,История России доц. Лавлинский С.А. (ДО),,,,,,,,История России преп. Киселёва М.В. (ДО),,,,,,,Компьютерная геометрия и графика преп. Косенко И.М. 477,,,,,,,,Дифференциальные уравнения доц. Атанов А.В. 305П,,Математический анализ доц. Михин Е.А. 292,,,,Управление данными ст.преп. Черницын Д.В. 316П,Управление данными ст.преп. Черницын Д.В. 316П,,,,,,,Управление данными асс. Фролова В.В. 293,,,,,,,,,,,,,,,,,,,"Основы военной подготовки, 10 корпус, ул. Никитинская 14Б,  Насонов, ауд. 21",,"Основы военной подготовки, 10 корпус, ул. Никитинская 14Б,  Сидоренко, ауд. 22",,"Основы военной подготовки, 10 корпус, ул. Никитинская 14Б,  Кречун, ауд. 44",,"Основы военной подготовки, 10 корпус, ул. Никитинская 14Б,  Сапронов, ауд. 31",,,Методы оптимизации доц. Белоусова Е.П. 318,,,,,Основы военной подготовки доц. Скоробогатова Л.Г. (ДО),,,,,,,,Технологии искусственного интеллекта  доц. Илларионов И.В. 290,Технологии искусственного интеллекта  доц. Илларионов И.В. 290,Администрирование ИС доц. Маковий К.А. 381,Моделирование систем ст.преп. Швырева А.В. 382,,,Управление проектами ст.преп. Коротков В.В. 291,,ТОИ ст.преп. Акимов А.В. 295,ТОИ ст.преп. Акимов А.В. 295,,Ин.яз. доц. Стрельникова М.А. 301П,,Ин.яз. преп. Гафарова М.Х. 308П,,,Ин.яз. доц. Вострикова И.Ю. 303П,,,Ин.яз. доц. Барабушка И.А. 309П,,Компьютерные сети проф. Абрамов Г.В. 10,Компьютерные сети проф. Абрамов Г.В. 10,Основы эконометрического моделирования доц. Алейникова Н.А. 385,,,,,Операционные системы асс. Точилин А.С. 314П,,,,
,,,,,,,,,,Деловое общение и культура речи доц. Козельская Н.А. (ДО),,,,,,,,Деловое общение и культура речи доц. Козельская Н.А. (ДО),,,,,,,,История России преп. Киселёва М.В. (ДО),,,Экономика и финансовая грамотность доц. Вандышева О.П. (ДО),,,,,,,,,,Математический анализ доц. Михин Е.А. 292,,Компьютерная геометрия и графика ст.преп. Нужных А.В. 381,,Дифференциальные уравнения доц. Атанов А.В. 305П,,,,,,,,,,,,,,Ин.яз. преп. Гавриш О.А. 308П,,,,,,,"Основы военной подготовки, 10 корпус, ул. Никитинская 14Б,  Кречун, ауд. 44",,,,,,,,Основы военной подготовки доц. Скоробогатова Л.Г. (ДО),,,,,,,,,,,,,,"Основы военной подготовки, 10 корпус, ул. Никитинская 14Б, Насонов, ауд. 21",,"Основы военной подготовки, 10 корпус, ул. Никитинская 14Б, Резанович, ауд. 22",,Администрирование ИС доц. Маковий К.А. 385,Администрирование ИС доц. Маковий К.А. 385,,,,,,,Технологии искусственного интеллекта  доц. Илларионов И.В. 383,,,,ТОИ ст.преп. Акимов А.В. 291,,Управление проектами ст.преп. Коротков В.В.  295,Управление проектами ст.преп. Коротков В.В.  295,,Ин.яз. преп. Гафарова М.Х. 301П,,,,,Ин.яз. доц. Барабушка И.А. 309П,,,,,Основы эконометрического моделирования доц. Алейникова Н.А. 290,Основы эконометрического моделирования доц. Алейникова Н.А. 290,Моделирование бизнес-процессов доц. Громковский А.А. 303П,Математическое моделирование доц. Сирота Е.А. 505П,,,,,,
,11:30-13:05,"Экономика и финансовая грамотность (id=17661) 
доц. Павлова Е.А. (ДО) ",,,,Деловое общение и культура речи преп. Пархоц Э.О. (ДО),,Основы российской государственности (id=27363) преп. Шаповалов И.С. (ДО) ,,История России доц. Лавлинский С.А. (ДО),,,,,,,,,,,,История России преп. Киселёва М.В. (ДО),,,,Русский язык доц. Козельская Н.А. (ДО),,,Экономика и финансовая грамотность доц. Вандышева О.П. (ДО),,,,Компьютерная геометрия и графика доц. Вахтин А.А. 316П,Компьютерная геометрия и графика доц. Вахтин А.А. 316П,Теория вероятностей ст.преп. Некипелов Е.А. 307П,,УД асс. Фролова В.В. 387,Компьютерная геометрия и графика асс. Пауков Н.В. 293,Математический анализ доц. Михин Е.А. 477 ,,,,,,Дискретная математика проф. Кургалин С.Д. 505П,,,,Электричество и магнетизм доц. Григорян Г.С. 141,,Компьютерная геометрия и графика преп. Косенко И.М.  292,,,,,КГ и ГМ доц. Хлебостроев В.Г. 384,Основы Python проф. Дылевский А.В. 381,Основы военной подготовки доц. Скоробогатова Л.Г. (ДО),,,,,,,,"Основы военной подготовки, 10 корпус, ул. Никитинская 14Б,  Насонов, ауд. 21",,"Основы военной подготовки, 10 корпус, ул. Никитинская 14Б,  Сидоренко, ауд. 22",,"Основы военной подготовки, 10 корпус, ул. Никитинская 14Б,  Кречун, ауд. 44",,Военная подготовка,,,,,,,,"Основы военной подготовки, 10 корпус, ул. Никитинская 14Б,  Сапронов, ауд. 31",Операционные системы асс. Точилин А.С. 295,Операционные системы асс. Точилин А.С. 295,Операционные системы асс. Точилин А.С. 295,,,Военная подготовка,,,,ТОИ ст.преп. Акимов А.В. 314П,ТОИ ст.преп. Акимов А.В. 314П,Моделирование систем ст.преп. Швырева А.В. 383,Моделирование систем ст.преп. Швырева А.В. 383,Управление проектами ст.преп. Коротков В.В. 382,,Технологии обработки информации проф. Сирота А.А. 479,,,,,,,,ТПО ст.преп. Кузнецова И.Ю. 290,ТПО ст.преп. Кузнецова И.Ю. 290,Ин.яз. преп. Гафарова М.Х. 303П,,Администрирование ИС асс. Петров Ю.В. 385,,,Ин.яз. доц. Вострикова И.Ю. 309П,Ин.яз. доц. Барабушка И.А. 308П,,Компьютерные сети проф. Абрамов Г.В. 10,,,,,Основы эконометрического моделирования доц. Алейникова Н.А. 301П,Методы оптимизации доц. Атанов А.В. 305П,,Математическое моделирование доц. Попов М.И. 291,,,,
,,,,,,История России доц. Лавлинский С.А. (ДО),,,,,,,,,,,,История России преп. Киселёва М.В. (ДО),,,,,,Русский язык доц. Козельская Н.А. (ДО),,,Экономика и финансовая грамотность (id=20106) доц. Вандышева О.П. (ДО) ,,,,Теория функций комплексного переменного доц. Попов М.И. 505П,,Основы Python доц. Михайлюк Е.А. 295,Основы Python доц. Михайлюк Е.А. 295,,,Компьютерная геометрия и графика  асс. Пауков Н.В. 293,УД асс. Фролова В.В. 387,,,,,,,,ДМ ст.преп. Толкачев А.В. 382,,,,Электричество и магнетизм доц. Григорян Г.С. 141,,,,КГ и ГМ доц. Хлебостроев В.Г. 381,Основы Python проф. Дылевский А.В. 301П,Ин.яз. преп. Гавриш О.А. 303П,,"Основы военной подготовки, 10 корпус, ул. Никитинская 14Б,  Насонов, ауд. 21",,"Основы военной подготовки, 10 корпус, ул. Никитинская 14Б,  Сидоренко, ауд. 22",,"Основы военной подготовки, 10 корпус, ул. Никитинская 14Б,  Кречун, ауд. 44",,,,Основы военной подготовки доц. Скоробогатова Л.Г. (ДО),,,,,,,,,,,,,,,Методы оптимизации доц. Белоусова Е.П. 504П,,,,,,,,,Управление проектами ст.преп. Коротков В.В. 316П,,,,,,,,,,,,,,Администрирование ИС асс. Петров Ю.В. 385,,Ин.яз. преп. Гафарова М.Х. 308П,,Технологии искусственного интеллекта доц. Илларионов И.В. 291,,,,,Ин.яз. доц. Барабушка И.А. 309П,,,,Моделирование бизнес-процессов доц. Громковский А.А. 314П,,Основы эконометрического моделирования доц. Алейникова Н.А. 384,,,Алгоритмы коррекции ошибок проф. Клинских А.Ф.  290,Алгоритмы коррекции ошибок проф. Клинских А.Ф.  290,,,
,13:25-15:00,Теоретические основы информатики (id=2628) доц. Сычев А.В. (ДО) ,,,,,,,,Информатика (id=2628) доц. Сычев А.В. (ДО) ,,,,,,,,Информатика (id=2628) доц. Сычев А.В. (ДО),,,,Информатика (id=2628) доц. Сычев А.В. (ДО),,Основы российской государственности преп. Шаповалов И.С. (ДО),,Экономика и финансовая грамотность доц. Павлова Е.А. (ДО),Экономика и финансовая грамотность доц. Вандышева О.П. (ДО),,История России доц. Лавлинский С.А. (ДО),,Физическая культура и спорт,,Физическая культура и спорт,,Физическая культура и спорт,,Теория вероятностей ст.преп. Некипелов Е.А. 305П,,Компьютерная геометрия и графика преп. Косенко И.М. 477,,,,,,,ПЗ в ИБ асс. Хакимов Л.Н. 301П,Электричество и магнетизм доц. Григорян Г.С. 141,ДМ ст.преп. Толкачев А.В. 303П,Дискретная математика доц. Попов М.И. 307П,,,Компьютерная геометрия и графика асс. Пауков Н.В. 297,СиАКОД ст.преп. Коротков В.В. 382,Ин.яз. преп. Семенов В.П. 309П,Параллельное программирование ст.преп. Романов А.В. 383,Основы Python проф. Дылевский А.В. 381,КГ и ГМ доц. Хлебостроев В.Г. 384,Основы военной подготовки доц. Скоробогатова Л.Г. (ДО),,,,,,,,"Основы военной подготовки, 10 корпус, ул. Никитинская 14Б,  Насонов, ауд. 21",,"Основы военной подготовки, 10 корпус, ул. Никитинская 14Б,  Сидоренко, ауд. 22",,"Основы военной подготовки, 10 корпус, ул. Никитинская 14Б,  Кречун, ауд. 44",,,,,,,,Военная подготовка,,,Физическая культура и спорт,,,"Основы военной подготовки, 10 корпус, ул. Никитинская 14Б,  Сапронов, ауд. 31",,,,,,Термодинамика доц. Крыловецкая Т.А. 479,,ТОИ ст.преп. Акимов А.В. 293,ТОИ ст.преп. Акимов А.В. 293,Технологии искусственного интеллекта  доц. Илларионов И.В. 385,,,,Термодинамика доц. Крыловецкая Т.А. 479,,Термодинамика доц. Крыловецкая Т.А. 479,,,Моделирование систем ст.преп. Швырева А.В. 314П,КПО ст.преп. Шилов С.Н.  295,КПО ст.преп. Шилов С.Н.  295,Администрирование ИС асс. Петров Ю.В.  316П,Администрирование ИС асс. Петров Ю.В.  316П,ТПО ст.преп. Кузнецова И.Ю. 290,ТПО ст.преп. Кузнецова И.Ю. 290,Безопасность систем баз данных проф. Храмов В.Ю. 292,,,,Термодинамика доц. Крыловецкая Т.А. 479,,,,,,Лингвистические основы информатики  доц. Вахтин А.А. 505П,,,Операционные системы асс. Точилин А.С. 291,,,
,,,,,,,,,,,,,,,,,,,,,,,,Русский язык доц. Козельская Н.А. (ДО),,,,,,Ин.яз. преп. Семенов В.П.  (ДО),,,,,,,,,,,,,,,ДМ ст.преп. Толкачев А.В. 384,Электричество и магнетизм доц. Григорян Г.С. 141,Основы Python  доц. Михайлюк Е.А. 303П,ПЗ в ИБ асс. Хакимов Л.Н. 301П,,,Компьютерная геометрия и графика асс. Пауков Н.В. 293,,,Основы Python проф. Дылевский А.В. 381,КГ и ГМ доц. Хлебостроев В.Г. 383,Ин.яз. преп. Гавриш О.А. 309П,Параллельное программирование ст.преп. Романов А.В. 314П,"Основы военной подготовки, 10 корпус, ул. Никитинская 14Б,  Насонов, ауд. 21",,"Основы военной подготовки, 10 корпус, ул. Никитинская 14Б,  Сидоренко, ауд. 22",,"Основы военной подготовки, 10 корпус, ул. Никитинская 14Б,  Кречун, ауд. 44",,,,Основы военной подготовки доц. Скоробогатова Л.Г. (ДО),,,,,,,,,,,,,,,Методы оптимизации доц. Белоусова Е.П. 504П,,,,,,,,,ТОИ ст.преп. Акимов А.В. 297,,Термодинамика доц. Крыловецкая Т.А. 479,,Термодинамика доц. Крыловецкая Т.А. 479,,,,,,Технологии искусственного интеллекта  доц. Илларионов И.В. 291,,,Моделирование систем ст.преп. Швырева А.В. 387,,,Администрирование ИС асс. Петров Ю.В. 385,,,,,,,,,Термодинамика доц. Крыловецкая Т.А. 479,Термодинамика доц. Крыловецкая Т.А. 479,,,,Лингвистические основы информатики  доц. Вахтин А.А. 316П,Лингвистические основы информатики  доц. Вахтин А.А. 316П,Алгоритмы коррекции ошибок проф. Клинских А.Ф.  505П,,,,
,15:10-16:45,История России (id=1444) доц. Лавлинский С.А. (ДО),,,,,,,,История России (id=1444) доц. Лавлинский С.А. (ДО) ,,,,,,,,История России (id=1444) доц. Лавлинский С.А. (ДО) ,,,,История России (id=1444) доц. Лавлинский С.А. (ДО) ,,История России (id=1444) доц. Лавлинский С.А. (ДО) ,,,История России (id=1444) доц. Лавлинский С.А. (ДО) ,,,,,,,,,,Физическая культура и спорт,,Физическая культура и спорт,,,,,,ПЗ в ИБ асс. Хакимов Л.Н. 301П,Технологии и методы програм. доц. Хлебостроев В.Г. 382,ДМ ст.преп. Толкачев А.В. 314П,Электричество и магнетизм доц. Григорян Г.С. 141,Основы информационной безопасности  асс. Канюс А.С. 383,,Физическая культура и спорт,,,Математический анализ доц. Канищева О.И. 505П,,,,Военная подготовка,,,,,,,,,,,,,,,,,,,,,,,Теория вероятностей и математическая статистика ст.преп. Голованов Д.Ю. 408П,,,"Основы военной подготовки, 10 корпус, ул. Никитинская 14Б,  Сапронов, ауд. 31",,,,,,Технологии искусственного интеллекта  доц. Илларионов И.В. 297,Технологии искусственного интеллекта  доц. Илларионов И.В. 297,Обработка сигналов в информационных системах доц. Борисов Д.Н. 292,,Моделирование систем ст.преп. Швырева А.В. 385,Моделирование систем ст.преп. Швырева А.В. 385,ТОИ ст.преп. Акимов А.В. 291,,,,КПО доц. Вахтин А.А. 295,КПО доц. Вахтин А.А. 295,,,Экономика программной инженерии преп. Полянский В.В. 477,,,,,,Администрирование и управление безопасностью интранет- сетей доц. Чернышов М.К. 290,Администрирование и управление безопасностью интранет- сетей доц. Чернышов М.К. 290,Безопасность систем баз данных проф. Храмов В.Ю. 316П,Безопасность систем баз данных проф. Храмов В.Ю. 316П,,,,,,,,,,Ин.яз. преп. Семенов В.П.  309П,,,
,,,,,,,,,,,,,,,,,,,,,,,,,,,,,,,,,,,,,,,,,,,,,Электричество и магнетизм доц. Григорян Г.С. 141,,ПЗ в ИБ асс. Хакимов Л.Н. 301П,Основы Python доц. Михайлюк Е.А. 314П,,,,,,,,,,,,,,,,,,,,,,,,,,,,,,,,,,,,,,,,,,Технологии искусственного интеллекта  доц. Илларионов И.В. 291,,Обработка сигналов в информационных системах доц. Борисов Д.Н. 293,Обработка сигналов в информационных системах доц. Борисов Д.Н. 293,,,,,,,КПО доц. Вахтин А.А. 292,,,,,,,,,,,,,,Инсталляция и настройка ПО Сафронов 2/25,,,,,,,,,,,,
,16:55-18:30,Основы российской государственности ст.преп. Гаршин Н.А. (ДО),,,,,,,,Основы российской государственности ст.преп. Гаршин Н.А. (ДО),,,,,,,,Основы российской государственности ст.преп. Гаршин Н.А. (ДО),,,,Основы российской государственности ст.преп. Гаршин Н.А. (ДО),,Основы российской государственности ст.преп. Гаршин Н.А. (ДО),,,Основы российской государственности ст.преп. Гаршин Н.А. (ДО),,,,,,,,,,,,,,,Ин.яз. преп. Семенов В.П.  301П,,,Физическая культура и спорт,,,,Физическая культура и спорт,,Математический анализ доц. Канищева О.И. 505П,,,Физическая культура и спорт,,,,,,,,,,,,,,,,,,,,,,,,,,,,,,Военная подготовка,,,,,,,,ТОИ ст.преп. Акимов А.В. 383,,,,,,,,НИР,,,,,,КПО ст.преп. Шилов С.Н.  295,КПО ст.преп. Шилов С.Н.  295,,,Безопасность систем баз данных проф. Храмов В.Ю. 316П,Безопасность систем баз данных проф. Храмов В.Ю. 316П,Администрирование и управление безопасностью интранет- сетей доц. Чернышов М.К. 290,Администрирование и управление безопасностью интранет- сетей доц. Чернышов М.К. 290,,,,,,,,,,,,,
,,Экономика и финансовая грамотность (id=17661) доц. Павлова Е.А. (ДО) ,,,,,,,,Экономика и финансовая грамотность (id=17661) доц. Павлова Е.А. (ДО),,,,,,,,,,,,Введение в специальность доц. Филиппова Н.В. (ДО),,Экономика и финансовая грамотность (id=17661) доц. Павлова Е.А. (ДО) ,,,История России доц. Лавлинский С.А. (ДО),,Ин.яз. преп. Семенов В.П. (ДО),,,,,,,,,,,,,,,,,,,,,,,,,,,,,,,,,,,,,,,,,,,,,,,,,,,,Физическая культура и спорт,,,,,,,,,,,,,,,,,,,,,,,,,,,,,,,,,,,,,,,,,,,,,
,18:40-20:00,,,"Экономика и финансовая грамотность (id=17661) 
доц. Павлова Е.А. (ДО)",,,,,,,,История России доц. Лавлинский С.А. (ДО),,,,,,,,,,,,,,,Ин.яз. преп. Гафарова М.Х.   (ДО),,,,,,,,,,,,,,,,,,,,,,,,,,,,,,,,,,,,,,,,,,,,,,,,,,,,,,,,,,,,,,,,,,,,,,,,,,,,,,,,,КПО ст.преп. Шилов С.Н.  316П,КПО ст.преп. Шилов С.Н.  316П,ОУИБ ст.преп. Ульянов В.А. 295,ОУИБ ст.преп. Ульянов В.А. 295,,,,,,,,,,,,,,,
,,,,,,,,,,,,,,,,,,,,,,Ин.яз. преп. Гафарова М.Х. (ДО),,,,,,,,,,,,,,,,,,,,,,,,,Разработка приложений на C++ асс. Пузатых М.С. 382,,,,,,,,,,,,,,,,,,,,,,,,,,,,,,,,,,,,,,,,,,,,,,,,,,,,,,,,,,,,,,,,,,,,,,,,,,,,,,,
,20:10-21:30,,,,,,,,,,,,,,,,,,,,,,,,,,,,,,,,,,,,,,,,,,,,,,,,,,,,,,,,,,,,,,,,,,,,,,,,,,,,,,,,,,,,,,,,,,,,,,,,,,,,,,,,,,,,,,,,,,,,,,,,,,,,,
,,,,,,,,,,,,,,,,,,,,,,,,,,,,,,,,,,,,,,,,,,,,,,,,,,,,,,,,,,,,,,,,,,,,,,,,,,,,,,,,,,,,,,,,,,,,,,,,,,,,,,,,,,,,,,,,,,,,,,,,,,,,,,
,,,,,,,,,,,,,,,,,,,,,,,,,,,,,,,,,,,,,,,,,,,,,,,,,,,,,,,,,,,,,,,,,,,,,,,,,,,,,,,,,,,,,,,,,,,,,,,,,,,,,,,,,,,,,,,,,,,,,,,,,,,,,,
Вторник,8:00 - 9:35,,,,,,,Введение в прогр. асс. Чиркин А.Ю. 291,,,,,,,,,,,Ин.яз. доц. Вострикова И.Ю. 301П,,,,,,,,,,,,Дифференциальные уравнения доц. Некрасова Н.Н. 479,,Теория вероятностей ст.преп. Некипелов Е.А. 505П,,ДМ ст.преп. Стукалова И.В. 314П,Ин.яз. преп. Гавриш О.А. 309П,,Ин.яз. преп. Барсукова Н.В. 303П,,,Дифференциальные уравнения доц. Атанов А.В. 305П,,ДМ доц. Каверина В.К.  297,БД асс. Бондарева Л.О. 381,Теория вероятностей и математическая статистика ст.преп. Попова А.Е. 477,,,,Разработка приложений на C++ асс. Пузатых М.С. 290,Разработка приложений на C++ асс. Пузатых М.С. 290,Ин.яз. преп. Семенов В.П. 308П,Объектно-ориентированное программирование ст.преп. Нужных А.В. 293,,,,,,,,,,,,,,,,,,,,,,,,,,Методы и средства криптографической защиты информации (id=5626) доц. Дрюченко М.А. (ДО) ,,,,,Военная кафедра,,,НИР,НИР,,,,,,,,,,,,,,,Технологии искусственного интеллекта  доц. Илларионов И.В. (ДО),Технологии искусственного интеллекта  доц. Илларионов И.В. (ДО),,,,,,,,,,,ВУЦ,ВУЦ,,НИР,НИР,,,,,,,,
,,,,,Ин.яз.  преп. Барсукова Н.В.  308П,,,Ин.яз. преп. Землянухина В.А.  307П,,,,,,,,,,Ин.яз. доц. Вострикова И.Ю.  303П,,,,,,,,,,,,,Ин.яз. преп. Гавриш О.А. 309П,ДМ ст.преп. Стукалова И.В. 297,,,Дифференциальные уравнения доц. Некрасова Н.Н. 292,,,,Дискретная математика доц. Каверина В.К. 479,,,,,,,,,,,,Объектно-ориентированное программирование ст.преп. Нужных А.В. 293,,,,,,,,,,,,,,,,,,,,,,,,,,,,,,,,,,,,,,,,,,,,,,,,,,,Технологии искусственного интеллекта  доц. Илларионов И.В. (ДО),,,,,,,,,,,,,,,,,,,,,,,,
,9:45 - 11:20,Математический анализ доц. Сирота Е.А. 505П,,,,,,,Теоретические основы информатики асс. Соколов В.А.  387,,,,Ин.яз. преп. Семенов В.П. 303П,,Ин.яз. преп. Барсукова Н.В. 309П,,,Введение в программирование ст.преп. Нужных А.В. 293,Документоведение доц. Борисова А.А. 314П,,Введение в программирование асс. Миронова А.С. 297,Геометрия доц. Атанов А.В. 305П,,Web-программирование доц. Сычев А.В. 292,,Web-программирование доц. Сычев А.В. 292,,,,,ДМ ст.преп. Стукалова И.В. 291,,Ин.яз. преп. Гавриш О.А. 308П,ДМ доц. Попов М.И. 382,Политическая наука и технологии доц. Гончаров Л.А. 316П,,Дифференциальные уравнения доц. Некрасова Н.Н. 307П,,,,Базы данных асс. Бондарева Л.О. 385,,Основы Python асс. Шишко Ю.В. 381,ДМ доц. Каверина В.К.  383,Электричество и магнетизм доц. Чуракова Т.А. 479,,,,Электричество и магнетизм доц. Чуракова Т.А. 479,,Теория вероятностей и математическая статистика (ТВиМС) ст.преп. Попова А.Е. 477,,,, ,,,Теория информационных процессов и систем (id=25794) проф. Десятирикова Е.Н. (ДО) ,,,,,,,,Теория информационных процессов и систем (id=25794) проф. Десятирикова Е.Н. (ДО) ,,,,,,Теория информационных процессов и систем (id=25794) проф. Десятирикова Е.Н. (ДО) ,,,,,,Теория информационных процессов и систем (id=25794) проф. Десятирикова Е.Н. (ДО) ,,,,,,,,Квантовые информационные системы проф. Запрягаев С.А. (ДО),,Квантовые информационные системы проф. Запрягаев С.А. (ДО),,Технологии обработки информации проф. Сирота А.А. (ДО),,,,,,Технологии искусственного интеллекта  доц. Илларионов И.В. (ДО),,,,,,,,,,НИР,,Администрирование ИС асс. Петров Ю.В. (ДО),Администрирование ИС асс. Петров Ю.В. (ДО),Администрирование и управление безопасностью интранет- сетей (id=27385) доц. Чернышов М.К.  (ДО),,,,,,,НИР,НИР,Компьютерное моделирование ст.преп. Швырева А.В. (ДО),,,,,Методы верификации ст.преп. Акимов А.В. 384,,
,,,,,,,,Ин.яз. преп. Землянухина В.А.  307П,,Ин.яз. доц. Стрельникова М.А. 309П,,,,Ин.яз. преп. Барсукова Н.В. 301П,,,,,Ин.яз. доц. Вострикова И.Ю. 308П,История России преп. Киселёва М.В. 305П,,,,,,,,,,,Компьютерная геометрия и графика доц. Вахтин А.А. 290,Компьютерная геометрия и графика доц. Вахтин А.А. 290,ДМ доц. Попов М.И. 382,Ин.яз. преп. Гавриш О.А.  303П,Основы Python проф. Дылевский А.В. 297,ДМ ст.преп. Стукалова И.В. 293,,,Основы Python асс. Шишко Ю.В. 381,ДМ доц. Каверина В.К. 385,Базы данных асс. Бондарева Л.О. 383,Компьютерная геометрия и графика ст.преп. Нужных А.В. 291,,,,,,,,,,,, ,,,,,,,,,,,,,,,,,,,,,,,,,,,,,,,,,,,,,,,,,,Управление проектами ст.преп. Коротков В.В. (ДО),,,,,,,,Администрирование ИС асс. Петров Ю.В. (ДО),Администрирование ИС асс. Петров Ю.В. (ДО),,,,,,,,,,,,,,,,,,,,,
,11:30-13:05,Теоретические основы информатики асс. Соколов В.А. 387,СПЭД доц. Копытин А.В. 384,,Введение в прогр. ст.преп. Нужных А.В. 293,Математический анализ доц. Сирота Е.А. 477,,,,Ин.яз. доц. Стрельникова М.А. 303П,,,,,Введение в программирование асс. Миронова А.С.  382,,,Документоведение доц. Борисова А.А. 316П,,Математический анализ ст.преп. Пашкевич А.А. 292,,Основы российской государственности преп. Шаповалов И.С. 305П,,"Практикум на ЭВМ по дисциплине ""Программирование"" доц. Авсеева О.В. 290","Практикум на ЭВМ по дисциплине ""Программирование"" доц. Авсеева О.В. 290",Математический анализ ст.преп. Толкачев А.В. 291,,,,,,Ин.яз. преп. Гавриш О.А. 309П ,Политическая наука и технологии (id=27450) доц. Гончаров Л.А. 307П,,,Основы Python проф. Дылевский А.В. 385,Теория функций комплексного переменного доц. Попов М.И. 295,,,,ДМ доц. Каверина В.К. 314П,Основы Python асс. Шишко Ю.В. 381,Базы данных асс. Бондарева Л.О. 383,,,Ин.яз. доц. Вострикова И.Ю. 308П,Дифференциальные уравнения доц. Некрасова Н.Н. 505П,,Электричество и магнетизм доц. Чуракова Т.А.  479,,,Ин.яз. преп. Семенов В.П. 301П,,,,,,Электродинамика (id=3975) проф. Запрягаев С.А. (ДО) ,,,,,,,,Электродинамика (id=3975) проф. Запрягаев С.А. (ДО) ,,,,,,,,,,,,Управление проектами (id=24215) ст.преп. Коротков В.В. (ДО) ,,,,,,,,Алгоритмы цифровой обработки сигналов доц. Михин Е.А. (ДО),,,,Управление проектами (id=24215) ст.преп. Коротков В.В. (ДО) ,,,,,,,,,,,,,,Управление проектами (id=24215) ст.преп. Коротков В.В. (ДО) ,,,,,,Программно-аппаратные средства защиты информации (id=3795) ст.преп. Коваль А.С. (ДО) ,,,,,,,Безопасность жизнедеятельности преп. Каленикина Д.А. (ДО),,,Психология личности и ее саморазвития преп. Кудрявцева А.А.  (ДО),,,,Методы верификации ст.преп. Акимов А.В. 297,,
,,,Введение в прогр. ст.преп. Нужных А.В. 314П,СПЭД доц. Копытин А.В. 290,СПЭД доц. Копытин А.В. 290,,,,,,Ин.яз. доц. Стрельникова М.А. 309П,Введение в программирование асс. Миронова А.С. 384,,,Ин.яз. преп. Барсукова Н.В. 303П,,,Информатика доц. Самодуров А.С. 316П,,,,Основы российской государственности преп. Шаповалов И.С. 505П,,Web-программирование доц. Сычев А.В. 295,Web-программирование доц. Сычев А.В. 295,,,,,,,,,,,,,,ДМ доц. Каверина В.К. 382,Основы Python асс. Шишко Ю.В. 293,,,БД асс. Бондарева Л.О. 301П,,,,Электричество и магнетизм доц. Чуракова Т.А.  479,,,ООП доц. Вахтин А.А. 297,Дифференциальные уравнения доц. Некрасова Н.Н. 305П,,Основы Python проф. Дылевский А.В. 381,,,,Ин.яз.  преп. Гавриш О.А. 307П,,,,,,,,,,,,,,,,,,,,,,,,,,,,,,,,,,,,,,,,,,,,,,,,,,,,,,,,,,,,Технологии искусственного интеллекта доц. Илларионов И.В. (ДО),,Безопасность жизнедеятельности преп. Каленикина Д.А. (ДО),,,Психология личности и ее саморазвития преп. Кудрявцева А.А.  (ДО),,,,АК и СИ ст.преп. Акимов А.В. 385
,13:25-15:00,Ин.яз. преп. Семенов В.П. 308П,,Основы российской государственности (id=27363) преп. Шаповалов И.С. 295,,Математический анализ доц. Чуракова Т.А. 305П,,Физическая культура и спорт,,Математический анализ доц. Сирота Е.А.  477,,,,,,,,Математический анализ ст.преп. Пашкевич А.А. 292,,Информатика доц. Самодуров А.С. 316П,,Физическая культура и спорт,Физическая культура и спорт,Физическая культура и спорт,,,Физическая культура и спорт,,,,,,,,,,Объектно-ориентированное программирование ст.преп. Нужных А.В. 293,,,,,ДМ доц. Каверина В.К. 303П,,Основы Python асс. Шишко Ю.В. 381,Ин.яз. доц. Вострикова И.Ю. 301П,,,,Объектно-ориентированное программирование доц. Вахтин А.А. 297,Ин.яз. преп. Гафарова М.Х. 309П,Математический анализ ст.преп. Толкачев А.В. 505П,,Дифференциальные уравнения доц. Некрасова Н.Н. 307П,Параллельное программирование доц. Борзунов С.В. 479,,,,Методы и средства проектирования информационных систем и технологий (id=10801) ст.преп. Малыхин А.Ю.  (ДО),,,,,,,,Методы и средства проектирования информационных систем и технологий (id=10801) ст.преп. Малыхин А.Ю.  (ДО),,,,,,Проектирование и архитектура программных систем ст.преп. Малыхин А.Ю. (ДО),,,,,,,,Теория информации ст.преп. Попова Е.В. (ДО),ТВиМС ст.преп. Голованов Д.Ю.  15,ТВиМС ст.преп. Голованов Д.Ю.  15,,Проектирование информационных систем (id=10801) ст.преп. Малыхин А.Ю. (ДО),,Квантовые информационные системы (id=3976) проф. Запрягаев С.А. (ДО) ,,Квантовые информационные системы (id=3976) проф. Запрягаев С.А. (ДО) ,,Технологии искусственного интеллекта  доц. Илларионов И.В. (ДО),,,,,,,,,,,,,,Технологии искусственного интеллекта (id=2642) доц. Илларионов И.В. (ДО) ,,,,,,,,Моделирование систем ст.преп. Швырева А.В. (ДО),Моделирование систем ст.преп. Швырева А.В. (ДО),,,,Технологии искусственного интеллекта (id=2642) доц. Илларионов И.В. (ДО) ,,,Безопасность жизнедеятельности преп. Каленикина Д.А. (ДО),,Психология личности и ее саморазвития преп. Кудрявцева А.А.  (ДО),,,,Алгоритмы кодирования и сжатия информации ст.преп. Акимов А.В. 384
,,Физическая культура и спорт,,Основы российской государственности (id=27363) преп. Шаповалов И.С. 307П,,,,,,,,,,,,,,,,,,,,,,,,,,,,,,,,,,,,Ин.яз. доц. Стрельникова М.А. 308П,Основы Python асс. Шишко Ю.В. 381,,,Компьютерная геометрия и графика ст.преп. Нужных А.В.  383,Ин.яз. доц. Вострикова И.Ю. 309П,,,,,,Основы Python проф. Дылевский А.В. 316П,Основы Python проф. Дылевский А.В. 316П,Математический анализ ст.преп. Толкачев А.В. 291,Электродинамика доц. Борзунов С.В. 385,,Математический анализ асс. Бережных И.А. 505П,,,,,,,,,,,,,,,,,,,,,,Теория информации ст.преп. Попова Е.В. (ДО),,,,,,,,,,,,,,,,,,,,,,,,,,,,,,,,,,,,,,,,,,Психология личности и ее саморазвития преп. Кудрявцева А.А.  (ДО),,Безопасность жизнедеятельности преп. Каленикина Д.А. (ДО),,,,
,15:10-16:45,Физическая культура и спорт,,Физическая культура и спорт,,Физическая культура и спорт,,,,Основы российской государственности преп. Шаповалов И.С. 307П,,Физическая культура и спорт,,Информатика доц. Самодуров А.С. 385,,Экономика и финансовая грамотность доц. Павлова Е.А. 295,,Физическая культура и спорт,,Физическая культура и спорт,,Математический анализ ст.преп. Пашкевич А.А. 316П,Математический анализ ст.преп. Пашкевич А.А. 316П,Математический анализ асс. Бережных И.А. 305П,,Web-программирование асс. Тырнов Ю.О. 383,Математический анализ доц. Канищева О.И. 477,,,,,,,,,,,,,,,,,,,,,,Ин.яз. преп. Гафарова М.Х. 309П,,,,Ин.яз. доц. Вострикова И.Ю. 308П,Математический анализ ст.преп. Толкачев А.В. 479,,Электродинамика доц. Борзунов С.В. 505П,,Проектирование баз данных (id=9975) ст.преп. Чекмарев А.И. (ДО) ,,,,,,,,Проектирование баз данных (id=9975) ст.преп. Чекмарев А.И. (ДО) ,,,,,,Проектирование баз данных (id=9975) ст.преп. Чекмарев А.И. (ДО) ,,,,,,,,,Язык программирования Java доц. Авсеева О.В.  314П,,,Проектирование баз данных (id=9975) ст.преп. Чекмарев А.И. (ДО),,НИР,НИР,ОЦТ и web программирование проф. Запрягаев С.А. (ДО),ОЦТ и web программирование проф. Запрягаев С.А. (ДО),Администрирование в информационных системах (id=3102) ст.преп. Коваль А.С. (ДО),,,,,,,,,,,,,,Администрирование в информационных системах (id=3102) ст.преп. Коваль А.С. (ДО),,,,,,,,,,,,,Моделирование бизнес-процессов доц. Громковский А.А. (ДО),,,Основы права и противодействие противоправному поведению доц. Сиринько В.А. (ДО),,,,,,Интеллектуальные системы поддержки принятия решений доц. Гаршина В.В. 293
,,,,,,,,,,,,,,,,,,,,,,Математический анализ ст.преп. Пашкевич А.А. 316П,,,,,,,,,,,,,,,,,Ин.яз. доц. Стрельникова М.А. 309П,,,,,,,,,,,,,,Ин.яз. доц. Вострикова И.Ю.308П,,,,,,,,,,,,,,,,,,,,,,,,,,,,Язык программирования Java доц. Авсеева О.В.  314П,,,,,,,НИР,НИР,,,,,,,,,,,,,,,,,,,,,,,,,,,,,,,,,,,,,Интеллектуальные системы поддержки принятия решений доц. Гаршина В.В. 293
,16:55-18:30,,,,,Экономика и финансовая грамотность (id=17661) доц. Павлова Е.А.  295,,,,Физическая культура и спорт,,,,Физическая культура и спорт,,Физическая культура и спорт,,,,Основы российской государственности преп. Шаповалов И.С. 307П,,Математический анализ ст.преп. Пашкевич А.А. 316П,Математический анализ ст.преп. Пашкевич А.А. 316П,Математический анализ доц. Канищева О.И. 292,,,Математический анализ асс. Бережных И.А. 305П,,Математический анализ ст.преп. Толкачев А.В. 479,,,,,,,,,,,,,,,,,,,,,,,,,Электродинамика доц. Борзунов С.В. 505П,,,,,,,,,,,,,,,,,,,,,,,,,,,,,,Психология личности и ее саморазвития преп. Кожевникова Е.В.  (ДО),,НИР,НИР,,,НИР,,НИР,,,,НИР,,НИР,,НИР,,,,,,,,,,,,,,,,,,,,Основы права и противодействие противоправному поведению доц. Сиринько В.А. (ДО),,,,,,
,,,,,,,,,,,,,,,,,,,,,,,,,,,,,,,,,,,,,,,,,,,,,,,,,,,,,,,,,,,,,,,,,,,,,,,,,,,,,,,,,,,,,,,,,,,,,,,,,,,,,,,,,,,,,,,,,,,,,,,,,,Основы права и противодействие противоправному поведению доц. Сиринько В.А. (ДО),,,,
,18:40-20:00,,,,,,,,,,,,,,,Основы российской государственности преп. Шаповалов И.С. 307П,,,,,,,,,,,,Ин.яз. преп. Гафарова М.Х.   308П,Математический анализ ст.преп. Толкачев А.В. 479,,,,,,,,,,,,,,,,,,,,,,,,,Электродинамика доц. Борзунов С.В. 505П,,Математический анализ асс. Бережных И.А. 305П,,,,,,,,,,,,,,,,,,,,,,,,,,,,Психология личности и ее саморазвития преп. Кожевникова Е.В.  (ДО),,,,,,,,,,,,,,,,,,,,,,,,,,,,,,,,,,,,,,,,,,
,,,,,,,,,,,,,,,,,,,,,,,,,,,Математический анализ асс. Бережных И.А. 305П,,,,,,,,,,,,,,,,,,,,,,,,,,,ООП асс. Савин М.А. 295,ООП асс. Савин М.А. 295,,,,,,,,,,,,,,,,,,,,,,,,,,,,,,,,,,,,,,,,,,,,,,,,,,,,,,,,,,,,,,,,,,,,,,,
,20:10-21:30,,,,,,,,,,,,,,,,,,,,,,,,,,,,,,,,,,,,,,,,,,,,,,,,,,,,,,,,,,,,,,,,,,,,,,,,,,,,,,,,,,,,,,,,,,,,,,,,,,,,,,,,,,,,,,,,,,,,,,,,,,,,,
,,,,,,,,,,,,,,,,,,,,,,,,,,,,,,,,,,,,,,,,,,,,,,,,,,,,,,,,,,,,,,,,,,,,,,,,,,,,,,,,,,,,,,,,,,,,,,,,,,,,,,,,,,,,,,,,,,,,,,,,,,,,,,
,,,,,,,,,,,,,,,,,,,,,,,,,,,,,,,,,,,,,,,,,,,,,,,,,,,,,,,,,,,,,,,,,,,,,,,,,,,,,,,,,,,,,,,,,,,,,,,,,,,,,,,,,,,,,,,,,,,,,,,,,,,,,,
Среда,8:00 - 9:35,,,,,,,Экономика и финансовая грамотность доц. Павлова Е.А. 305П,,,,,,,,,,,Введение в программирование ст.преп. Нужных А.В. 293,,,,ВУЦ,,,Ин.яз. доц. Стрельникова М.А.  309П,Линейная алгебра проф. Вахитова Е.В. 505П,,,,,,,,,,,,,,,,,,,,,,,,,,,,,,,,,Методы оптимизации доц. Дробышев А.А. 307П,,,,Проектирование баз данных доц. Михайлюк Е.А. 385,,,Моделирование бизнес-процессов доц. Громковский А.А. 297,,,,,,,,,,,,Ин.яз. доц. Вострикова И.Ю. 303П,Методы оптимизации доц. Дробышев А.А. 307П,ВУЦ,,,,,НИР,НИР,Основы цифровых технологий и web программирование проф. Запрягаев С.А. (ДО),,НИР,,,,,,НИР,,НИР,,Моделирование систем ст.преп. Швырева А.В. (ДО),Моделирование систем ст.преп. Швырева А.В. (ДО),НИР,,,,,,,,,,,,Философия доц. Авакян-Форер А.Г. (ДО),,,НИР,НИР,,,,,,,,
,,История России доц. Лавлинский С.А. 290,,Введение в прогр. ст.преп. Нужных А.В. 297,,,,,,,,,,,,,,СПЭД доц. Копытин А.В. 295,СПЭД доц. Копытин А.В. 295,Введение в программирование асс. Миронова А.С. 381,,,,,,,,,,,,,,,,,,,,,,,,,,,,,,,,,,,,,,,,,,,,Электродинамика ст.преп. Некипелов Е.А. 479,,Моделирование бизнес-процессов доц. Громковский А.А. 292,,,,Теория информации ст.преп. Попова Е.В. 291,,,ПиАПС асс. Соколов В.А. 314П,,,,,Язык программирования Java ст.преп. Гавшин А.Л. 477,,,,,,Язык программирования Java ст.преп. Гавшин А.Л. 477,,,,,,,,Технологии искусственного интеллекта  доц. Илларионов И.В. (ДО),,,,,,,,,,,,,,,,,,Ин.яз. доц. Вострикова И.Ю. (ДО),,,,,,,,,,,,,,,,
,9:45 - 11:20,Математический анализ доц. Чуракова Т.А. 292,,Введение в программирование ст.преп. Нужных А.В. 316П,,,,Введение в программирование  асс. Чиркин А.Ю. 291,,Экономика и финансовая грамотность доц. Павлова Е.А. 477,,,,Введение в программирование асс. Миронова А.С.  293,,Ин.яз. преп. Гавриш О.А. 308П,,Математический анализ доц. Сирота Е.А. 479,,,,,,,,Основы российской государственности преп. Шаповалов И.С. 305П,Линейная алгебра проф. Вахитова Е.В. 505П,,,,"Русский язык для иностранцев, ул. Хользунова 40А, корпус 6, ауд. 336",,,,"Русский язык для иностранцев, ул. Хользунова 40А, корпус 6, ауд. 336",,,,"Русский язык для иностранцев, ул. Хользунова 40А, корпус 6, ауд. 336",,,,"Русский язык для иностранцев, ул. Хользунова 40А, корпус 6, ауд. 336",,,,,,,,,,,,,,,,ТИПиС ст.преп. Ермаков М.В. 382,Проектирование баз данных доц. Михайлюк Е.А. 290,Проектирование баз данных доц. Михайлюк Е.А. 290,,МиСПИС асс. Соколов В.А. 381,Теория информации ст.преп. Попова Е.В. 383,,Методы оптимизации доц. Дробышев А.А. 307П,,,ОС доц. Самодуров А.С. 314П,,,,Ин.яз. доц. Стрельникова М.А. 301П,,,,,Ин.яз. доц. Вострикова И.Ю. 303П,,Ин.яз. доц. Барабушка И.А. 309П,,,,Интеграция бизнес-процессов в ERP системах доц. Илларионов И.В.  385,,,,Основы цифровых технологий и web программирование (id=3977) проф. Запрягаев С.А. (ДО) ,,НИР,,Управление проектами ст.преп. Коротков В.В. (ДО),,,,БМИЛ доц. Митрофанова Е.Ю. (ДО),,Моделирование систем ст.преп. Швырева А.В. (ДО),Моделирование систем ст.преп. Швырева А.В. (ДО),НИР,,НИР,,,,,,,,БМИЛ доц. Митрофанова Е.Ю. (ДО),,,,Философия доц. Авакян-Форер А.Г. (ДО),Философия доц. Авакян-Форер А.Г. (ДО),,НИР,НИР,,Деловое общение и культура речи преп. Пархоц Э.О. (ДО),,,,БМИЛ доц. Митрофанова Е.Ю. (ДО),,
,,,,История России доц. Лавлинский С.А. 290,,,,СПЭД доц. Копытин А.В. 293,Введение в прогр. асс. Чиркин А.Ю. 301П,,,,,,,,СПЭД доц. Копытина Е.А. 382,,,,,,,,Ин.яз. доц. Барабушка И.А.  303П,Основы российской государственности преп. Шаповалов И.С.  291,,,Линейная алгебра проф. Вахитова Е.В. 305П,,,,,,,,,,,,,,,,,,,,,,,,,,,,,Теория информации ст.преп. Попова Е.В. 383,,Проектирование баз данных доц. Михайлюк Е.А. 314П,,МиСПИС асс. Соколов В.А. 381,,,,,,ТИПиС ст.преп. Ермаков М.В. 316П,ТИПиС ст.преп. Ермаков М.В. 316П,Электродинамика ст.преп. Некипелов Е.А. 505П,,Язык программирования Java ст.преп. Гавшин А.Л. 384,Ин.яз. доц. Стрельникова М.А. 309П,Теория автоматов и формальных языков асс. Крутских В.В. 385,,,,,Операционные системы доц. Самодуров А.С. 387,Управление проектами ст.преп. Коротков В.В.  297,,,,Операционные системы асс. Точилин А.С. 295,Операционные системы асс. Точилин А.С. 295,Численные методы (id=6864) доц. Крыловецкий А.А. (ДО) ,,,,,,,,,,,,,,,,,,,,,,Технологии искусственного интеллекта  доц. Илларионов И.В. (ДО),Технологии искусственного интеллекта  доц. Илларионов И.В. (ДО),,,,,,,,,,,,,,,,,
,11:30-13:05,Введение в программирование ст.преп. Нужных А.В. 295,,Математический анализ доц. Чуракова Т.А. 307П,,,,,,Ин.яз. доц. Стрельникова М.А. 303П,,Экономика и финансовая грамотность доц. Павлова Е.А. 290,,Введение в программирование асс. Миронова А.С. 291,,Ин.яз. преп. Гавриш О.А. 309П,,Информатика доц. Самодуров А.С. 383,,Ин.яз. доц. Барабушка И.А. 308П,,,,Введение в прикладную информатику доц. Громковский А.А. 292,,,Основы российской государственности преп. Шаповалов И.С. 505П,,Линейная алгебра проф. Вахитова Е.В. 305П,,,,,,,,,,,,,,,,,,,,,,,,Политическая наука и технологии (id=27450) доц. Гончаров Л.А. (ДО),,,,,Методы оптимизации доц. Дробышев А.А. 479,,,,,,,,,ТИПиС ст.преп. Ермаков М.В. 301П,Теория информации ст.преп. Попова Е.В. 385,,,,Физика доц. Крыловецкая Т.А. 477,,Физика доц. Крыловецкая Т.А. 477,,,,Язык программирования Java ст.преп. Гавшин А.Л. 316П,Язык программирования Java ст.преп. Гавшин А.Л. 316П,,,,,Интеграция бизнес-процессов в ERP системах доц. Илларионов И.В.  314П,,Введение в машинное обучение и анализ данных (id=7044) доц. Крыловецкий А.А. (ДО) ,,,,Моделиирование систем доц. Митрофанова Е.Ю. (ДО),,,,,,,,,,,,,,Моделиирование систем доц. Митрофанова Е.Ю. (ДО),,,,,,Моделиирование систем доц. Митрофанова Е.Ю. (ДО),,,,Безопасность жизнедеятельности (id=5682) доц. Скоробогатова Л.Г.  (ДО) ,,Безопасность жизнедеятельности (id=5682) доц. Скоробогатова Л.Г.  (ДО) ,Компьютерное моделирование ст.преп. Швырева А.В.  (ДО),,,,,Деловое общение и культура речи преп. Пархоц Э.О. (ДО),,,,Алгоритмы кодирования и сжатия информации ст.преп. Акимов А.В. 384
,,Введение в прогр. ст.преп. Нужных А.В. 301П,Ин.яз. преп. Семенов В.П. 308П,,,,,,,Введение в программирование ст.преп. Соломатин Д.И. 295,,Экономика и финансовая грамотность доц. Павлова Е.А. 292,,История России доц. Лавлинский С.А. 305П,,СПЭД доц. Копытина Е.А. 382,Ин.яз. преп. Гавриш О.А. 309П,Деловое общение и культура речи преп. Пархоц Э.О. 383,,Введение в программирование асс. Миронова А.С. 290,,,,Ин.яз. доц. Барабушка И.А. 297,Введение в прикладную информатику доц. Громковский А.А. 314П,СПЭД и офисное программирование доц. Копытин А.В. 384,,,,,,,,,,,,,,,,,,,,,,,Основы Python  асс. Хакимов Л.Н. 316П,Основы Python  асс. Хакимов Л.Н. 316П,Политическая наука и технологии (id=27450) доц. Гончаров Л.А. (ДО),,,,,,,,,,,,,,,ТИПиС ст.преп. Ермаков М.В. 293,,,,,,ПиАПС  асс. Соколов В.А.  381,Язык программирования Java ст.преп. Гавшин А.Л. 303П,Теория автоматов и формальных языков  асс. Крутских В.В. 385,,Физика доц. Крыловецкая Т.А. 477,,Управление проектами ст.преп. Коротков В.В.  291,,Операционные системы доц. Самодуров А.С. 387,,,,Физика доц. Крыловецкая Т.А. 477,,,,,,,,,,,,,,,,,,,,,,,,,,,,,,Безопасность жизнедеятельности (id=5682) доц. Скоробогатова Л.Г.  (ДО) ,,Безопасность жизнедеятельности (id=5682) доц. Скоробогатова Л.Г.  (ДО) ,Программирование в ERP доц. Илларионов И.В. (ДО),,,,,,,,,
,13:25-15:00,СПЭД доц. Копытин А.В. 381,,,,,,,,,Ин.яз. доц. Стрельникова М.А. 308П,Основы российской государственности преп. Шаповалов И.С. 292,,,,Информатика асс. Бондарева Л.О. 383,,,,,Ин.яз. доц. Барабушка И.А. 309П,,,Экономика и финансовая грамотность доц. Павлова Е.А. 505П,,"Практикум на ЭВМ по дисциплине ""Программирование"" ст.преп. Соломатин Д.И.  303П",Линейная алгебра проф. Вахитова Е.В. 477,,Введение в программирование асс. Дорохов Д.И. 382,Ин.яз. преп. Семенов В.П. 307П,,,,,,,,,,,,,,,,,Разработка приложений на C++ асс. Пузатых М.С. (ДО),,Методы программирования доц. Михайлова Е.Е.  316П,Методы программирования доц. Михайлова Е.Е.  316П,,,,Компьютерная геометрия и геометрическое моделирование доц. Хлебостроев В.Г. (ДО),,,,Проектирование баз данных доц. Михайлюк Е.А. 385,,ОС доц. Самодуров А.С. 387,,Физическая культура и спорт,,Физическая культура и спорт,,Моделирование бизнес-процессов доц. Громковский А.А. 314П,Физическая культура и спорт,Методы оптимизации доц. Дробышев А.А. 305П,,Физическая культура и спорт,,ТИПиС ст.преп. Ермаков М.В. 297,,,Ин.яз. преп. Гафарова М.Х. 291,Ин.яз. преп. Гавриш О.А. 301П,Язык программирования Java ст.преп. Гавшин А.Л. 293,Теория информации ст.преп. Попова Е.В. 295,,Физическая культура и спорт,,Физическая культура и спорт,,Физическая культура и спорт,,Термодинамика (id=7392) доц. Крыловецкая Т.А. (ДО) ,,,,Термодинамика (id=7392) доц. Крыловецкая Т.А. (ДО) ,,,,,,,,,,,,,,Тестирование программного обеспечения ст.преп. Кузнецова И.Ю. (ДО),,,,,,Термодинамика доц. Крыловецкая Т.А. (ДО),,,,Термодинамика (id=7392) доц. Крыловецкая Т.А. (ДО) ,,,Безопасность жизнедеятельности (id=5682) доц. Скоробогатова Л.Г. (ДО) ,,,Безопасность жизнедеятельности (id=5682) доц. Скоробогатова Л.Г. (ДО),,,,,,Алгоритмы кодирования и сжатия информации ст.преп. Акимов А.В. 384
,,Введение в специальность доц. Крыловецкий А.А. 479,,,,,,,,,,Основы российской государственности преп. Шаповалов И.С. 307П,,,СПЭД доц. Копытина Е.А. 382,,,,,,,,,,,,,,Введение в программирование асс. Дорохов Д.И. 291,,Основы Python ст. преп. Чекмарев А.И. (ДО),,,,,,,,Основы Python ст. преп. Чекмарев А.И. (ДО),,,,,,Основы Python ст. преп. Чекмарев А.И. (ДО),,,,,,Основы Python ст. преп. Чекмарев А.И. (ДО),,,Основы Python ст. преп. Чекмарев А.И. (ДО),,,,Проектирование баз данных доц. Михайлюк Е.А. 297,,Физическая культура и спорт,,Электродинамика ст.преп. Некипелов Е.А. 292,,,,Физическая культура и спорт,ОС доц. Самодуров А.С.  387,,,,,Ин.яз. доц. Стрельникова М.А. 303П,ТИПиС ст.преп. Ермаков М.В. 381,ПиАПС асс. Соколов В.А. 290,ПиАПС асс. Соколов В.А. 290,Язык программирования Java ст.преп. Гавшин А.Л. 293,Ин.яз. преп. Гавриш О.А. 308П,Информационные технологии асс. Борисенков В.Э. 295,Информационные технологии асс. Борисенков В.Э. 295,,,,,,,,,,,,,,,,,,,,,,,,,,,,,,,,,,,,,,Программирование в ERP доц. Илларионов И.В. (ДО),,,Деловое общение и культура речи ст.преп. Акованцева Н.В. (ДО),,,,,,
,15:10-16:45,,,,,,Ин.яз. преп. Землянухина В.А. 307П,,,Информатика асс. Бондарева Л.О. 316П,,,,Экономика и финансовая грамотность доц. Павлова Е.А. 305П,,,Ин.яз. преп. Гавриш О.А. 309П,,,,,,,Ин.яз. доц. Барабушка И.А. 308П,СПЭД и офисное программирование доц. Копытин А.В. 297,,Ин.яз. преп. Гафарова М.Х.   301П,,Ин.яз. преп. Семенов В.П. 303П,Введение в программирование асс. Дорохов Д.И. 382,Политическая наука и технологии (id=27450) доц. Сосунов Д.В. (ДО) ,,,,,,,,,,,,,,Технологии и методы программирования доц. Хлебостроев В.Г. (ДО),,,,Методы программирования доц. Михайлова Е.Е.  292,,Политическая наука и технологии (id=27450) доц. Сосунов Д.В. (ДО) ,,,Теория вероятностей (id=10412) проф. Клинских А.Ф. (ДО) ,,,,Физическая культура и спорт,,Физическая культура и спорт,,,ОС доц. Самодуров А.С.  314П,,,Физическая культура и спорт,,Физическая культура и спорт,,ТИПиС ст.преп. Ермаков М.В. 295,ТИПиС ст.преп. Ермаков М.В. 295,Физическая культура и спорт,,Физическая культура и спорт,Физическая культура и спорт,Теория информации ст.преп. Попова Е.В. 381,,Физическая культура и спорт,,,,,,Проектирование баз данных доц. Михайлюк Е.А. 290,Проектирование баз данных доц. Михайлюк Е.А.  290,,,,,Моделирование систем ст.преп. Швырева А.В. (ДО),Моделирование систем ст.преп. Швырева А.В. (ДО),НИР,,,,,,НИР,,,,,,Конструирование программного обеспечения ст.преп. Шилов С.Н. (ДО),,,,,,Основы управления информационной безопасностью (id=11957) доц. Вялых С.А.  (ДО) ,,,,,,,,,,Психология личности и ее саморазвития ст.преп. Гриднев М.С.  (ДО),,,,,,Алгоритмы кодирования и сжатия информации ст.преп. Акимов А.В. 384
,,,,Деловое общение и культура речи преп. Пархоц Э.О. 505П,,Введение в программирование асс. Дорохов Д.И. 291,,,,,,Ин.яз. преп. Семенов В.П.  303П,,,,,,,,,Ин.яз. доц. Барабушка И.А. 308П,,,,,,,,,,,,,,,,,,,,,,,,Прикладные задачи в информационной безопасности асс. Хакимов Л.Н. (ДО),,,,,Ин.яз. преп. Гафарова М.Х. 301П,,,,,,,,,,МиСПИС асс. Соколов В.А.  381,,Физическая культура и спорт,,,,,Физическая культура и спорт,,,,,,,,,ОС доц. Самодуров А.С.  295,ОС доц. Самодуров А.С.  295,,,,,,,,,,,,,,,,,,,,,,,,,,,,,,,,,,,,,,,,Технологии искусственного интеллекта доц. Илларионов И.В. (ДО),,,,,,,,,
,16:55-18:30,,,,,,Ин.яз. преп. Землянухина В.А. 307П,,,,,Информатика асс. Бондарева Л.О. 316П,,,,,,,,,,,,СПЭД и офисное программирование доц. Копытин А.В. 381,Ин.яз. доц. Барабушка И.А. 308П,,,,,,Объектно-ориентированное программирование ст.преп. Самойлов Н.К. (ДО),,,,,,,,Объектно-ориентированное программирование (id=4115) ст.преп. Самойлов Н.К. (ДО),,,,,,Объектно-ориентированное программирование ст.преп. Самойлов Н.К. (ДО),,,,,,Объектно-ориентированное программирование ст.преп. Самойлов Н.К. (ДО),,,Объектно-ориентированное программирование ст.преп. Самойлов Н.К. (ДО),,,,,,,,,,,,,,ОС доц. Самодуров А.С. 301П,,Проектирование баз данных асс. Ушаков В.А. 295,,,,Ин.яз. преп. Гафарова М.Х. 309П,,Физическая культура и спорт,,,,,,,,,,Физическая культура и спорт,,,, ,,НИР,,,,,,,,,,Моделирование систем ст.преп. Швырева А.В. (ДО),,Ин.яз. доц. Стрельникова М.А. (ДО),,ТПО ст.преп. Кузнецова И.Ю.  (ДО),ТПО ст.преп. Кузнецова И.Ю.  (ДО),,,,,,,,,,,,,Операционные системы проф. Савинков А.Ю. (ДО),,,,,,
,,,,,,Введение в прогр. асс. Дорохов Д.И. 290,Введение в прогр. асс. Дорохов Д.И. 290,,,,,,,,,,,,,,,,,Программирование доц. Авсеева О.В.  383,,,,,,,,,,,,,,,,,,,,,,,,,,,,,,,,,,,,,,,,,,,,,,,,,,,Ин.яз. преп. Гафарова М.Х. 309П,,,,,,,,,,,,,,,,,,,,,,,,,,,,,,Ин.яз. доц. Стрельникова М.А. (ДО),,,,,,Ин.яз. доц. Вострикова И.Ю. (ДО),,,,,,,,,,,,,,,Алгоритмы кодирования и сжатия информации ст.преп. Акимов А.В. 384
,18:40-20:00,,,,,,,,,,,,,,,,,,,,,,,,,,,,,,Управление данными (id=2) доц. Толстобров А.П. (ДО),,,,,,,,Базы данных (id=2) доц. Толстобров А.П. (ДО),,,,,,Управление данными (id=2) доц. Толстобров А.П. (ДО),,,,,,,,,Базы данных (id=2) доц. Толстобров А.П. (ДО) ,,,,,,,,,,,,,,,,,,,,,,,,,,,,,,,,,,,,,,,,,,,,,,,,,,ТПО ст.преп. Кузнецова И.Ю.  (ДО),ТПО ст.преп. Кузнецова И.Ю.  (ДО),,,,,,,,,,,,,,,,,,,,,
,,,,,,,,,,,,,,,,,,,,,,,,,,,,,,,,,,,,,,,,,,,,,,,,,,,,,,,,,,,,,,,,,,,,,,,,,,,,,,,,,,,,,,,,,,,,,,,,,,,,,,,,,,,,,,,,,,,,,,,,,,,,,,
,20:10-21:30,,,,,,,,,,,,,,,,,,,,,,,,,,,,,,,,,,,,,,,,,,,,,,,,,,,,,,,,,,,,,,,,,,,,,,,,,,,,,,,,Основы управленческой деятельности доц. Гладких М.О. (ДО),,,,,,,,,,,,,,,,,,,,,,,,,,,,,,,,,,,,,,,,,,,,,
,,,,,,,,,,,,,,,,,,,,,,,,,,,,,,,,,,,,,,,,,,,,,,,,,,,,,,,,,,,,,,,,,,,,,,,,,,,,,,,,,,,,,,,,,,,,,,,,,,,,,,,,,,,,,,,,,,,,,,,,,,,,,,
,,,,,,,,,,,,,,,,,,,,,,,,,,,,,,,,,,,,,,,,,,,,,,,,,,,,,,,,,,,,,,,,,,,,,,,,,,,,,,,,,,,,,,,,,,,,,,,,,,,,,,,,,,,,,,,,,,,,,,,,,,,,,,
Четверг,8:00 - 9:35,,,,,,,,,,,,,,Ин.яз. преп. Барсукова Н.В. 309П,,,,,,,Геометрия доц. Атанов А.В. 292,,Дискретная математика проф. Лобода А.В. 479,,,Дискретная математика проф. Лобода А.В. 479,,,,,ООП асс. Борисов А.Д.  381,,,,,ДМ ст.преп. Стукалова И.В. 314П,,,,,,,,Разработка приложений на C++ асс. Пузатых М.С. 316П,Разработка приложений на C++ асс. Пузатых М.С. 316П,Управление данными ст.преп. Черницын Д.В. 295,Управление данными ст.преп. Черницын Д.В. 295,,,,,,,,,,,,,,Методы оптимизации доц. Дробышев А.А. 305П,,,,,,,,,,,,,ТИПиС ст.преп. Ермаков М.В. 297,,,,,,Уравнения математической физики проф. Ляхов Л.Н. 430,,,,,,,,,Военная подготовка,,,,,,,,,,,,,,,,,,,,,,,,,Военная подготовка,,Военная подготовка,,,,,,,,,
,,,,,,,,,,,,,,,,,,,,,,,,,,,,,,,Политическая наука и технологии (id=27450) доц. Гончаров Л.А. 307П,,,,,,,Объектно-ориентированное программирование ст.преп. Нужных А.В. 293,,,,,,,,,Управление данными ст.преп. Черницын Д.В. 381,Ин.яз. доц. Барабушка И.А. 308П,,,,,,Ин.яз. преп. Семенов В.П. 309П,,ООП асс. Борисов А.Д.  383,,,,,,,,ТИПиС ст.преп. Ермаков М.В. 290,ТИПиС ст.преп. Ермаков М.В. 290,,,,,,,Язык программирования Java ст.преп. Гавшин А.Л. 477,,,,,,,,,,,,,,,,,,,,,,,,,,,,,,,,,,,,,,,,,,,,,,,,,,,,,,
,9:45 - 11:20,,,,,,,Теоретические основы информатики асс. Бондарева Л.О. 382,,,,,,,,,,Ин.яз. доц. Вострикова И.Ю.  233,,,,Математический анализ ст.преп. Пашкевич А.А. 292,,Дискретная математика проф. Лобода А.В.  479,,Введение в прикладную информатику доц. Громковский А.А. 314П,Дискретная математика доц. Каверина В.К. 505П,,Основы российской государственности преп. Шаповалов И.С. 477,,ООП асс. Борисов А.Д.  293,,,,Теория функций комплексного переменного доц. Попов М.И. 295,,Ин.яз. преп. Барсукова Н.В. 308П,ДМ ст.преп. Стукалова И.В. 297,,,,,,,Основы информационной безопасности  асс. Канюс А.С. 385,,Ин.яз. доц. Барабушка И.А. 309П,Разработка приложений на C++ асс. Пузатых М.С. 383,,,,,,Теория вероятностей доц. Стадная Н.П. 291,,,,,,,,ТИПиС ст.преп. Ермаков М.В. 384,Проектирование баз данных доц. Михайлюк Е.А. 301П,Методы оптимизации доц. Дробышев А.А.  305П,,,,,,,,Теория информации ст.преп. Попова Е.В. 316П,Теория информации ст.преп. Попова Е.В. 316П,Операционные системы доц. Самодуров А.С. 387,Язык программирования Java ст.преп. Гавшин А.Л. 381,Теория автоматов и формальных языков асс. Крутских В.В.  290,,,,,,,,,,,,,,,,,,,,,,,,,,,,,,,,,,,,,,,,,,,,,,,,,,
,,,,,,,,,,,,,,,,,,,,,,,,,,Программирование ст.преп. Соломатин Д.И.  384,,,,,,,,,,,Политическая наука и технологии (id=27450) доц. Гончаров Л.А. 307П,,,,,,,,,,,Управление данными ст.преп. Черницын Д.В. 293,,,,Ин.яз. преп. Семенов В.П. 308П, СиАКОД ст.преп. Коротков В.В. 314П,,,,ООП асс. Борисов А.Д.  297,,,,,Проектирование баз данных доц. Михайлюк Е.А. 301П,ТИПиС ст.преп. Ермаков М.В. 381,,,,,,,,,Информационные технологии доц. Михайлов Е.М. 316П,Информационные технологии доц. Михайлов Е.М. 316П,Язык программирования Java ст.преп. Гавшин А.Л. 303П,Операционные системы доц. Самодуров А.С. 387,Теория информации ст.преп. Попова Е.В. 383,,,,,Уравнения математической физики проф. Ляхов Л.Н. 321,,,,,,,,,,,,,,,,,,,,,,,,,,,,,,,,,,,,,,,,,,,,,
,11:30-13:05,,,,,,,Математический анализ доц. Чуракова Т.А. 292,,,Ин.яз. доц. Стрельникова М.А. 301П,Введение в программирование асс. Миронова А.С.  293,,Математический анализ ст.преп. Пашкевич А.А. 479,,,,Ин.яз. доц. Вострикова И.Ю.  309П,,Ин.яз. доц. Барабушка И.А. 308П,,,,Введение в прикладную информатику доц. Громковский А.А. 314П,,Дискретная математика проф. Лобода А.В. 297,Введение в программирование асс. Хакимов Л.Н. 295,Введение в программирование асс. Хакимов Л.Н. 295,Дискретная математика доц. Каверина В.К. 505П,,Теория функций комплексного переменного доц. Попов М.И. 477,,,,,,,,,,,,,,Технологии и методы програм. доц. Хлебостроев В.Г. 384,,Основы информационной безопасности  асс. Канюс А.С. 383,,Дифференциальные уравнения доц. Атанов А.В. 305П,,,,Структуры и алгоритмы компьютерной обработки данных  ст.преп. Коротков В.В. 381,,,Теория вероятностей доц. Стадная Н.П. 316П,,Методы оптимизации доц. Дробышев А.А. 307П,,,,ОС доц. Самодуров А.С.  387,,,,Проектирование баз данных доц. Михайлюк Е.А. 303П,, ,,,,Теория автоматов и формальных языков асс. Крутских В.В. 385,,Ин.яз. преп. Гафарова М.Х. 291,,ТИПиС ст.преп. Ермаков М.В. 290,ТИПиС ст.преп. Ермаков М.В. 290,,,,,,,,,Нейрокомпьютерный интерфейс проф. Туровский Я.А. 190А,,,,,,,,,,,,,,,,,,,,,,,,,,,,,,,,,,,,,,,,
,,,,,,,,,,,,,Введение в программирование асс. Миронова А.С. 381,,,,,,,,,Документоведение и ОСД доц. Борисова А.А. 382,,,,Дискретная математика проф. Лобода А.В. 305П,Введение в программирование асс. Хакимов Л.Н. 291,,,,,,,,,,,,,,,,,,Технологии и методы програм. доц. Хлебостроев В.Г. 314П,,,,,,Структуры и алгоритмы компьютерной обработки данных  ст.преп. Коротков В.В. 290,,Объектно-ориентированное программирование ст.преп. Нужных А.В.  297,Параллельное программирование ст.преп. Романов А.В. 385,Ин.яз. преп. Семенов В.П. 309П,,,,,,,,,ОС доц. Самодуров А.С. 295,ОС доц. Самодуров А.С. 295,,,,,,,,,,,,ПиАПС асс. Соколов В.А. 293,ТИПиС ст.преп. Ермаков М.В. 303П,,,,,,,,,,,,,,,,,,,,,,,,,,,,,,,,,,,,,,,,,,,,,,,,
,13:25-15:00,,,,,,,Физическая культура и спорт,,Физическая культура и спорт,Введение в программирование ст.преп. Соломатин Д.И. 293,Математический анализ ст.преп. Пашкевич А.А. 305П,,Основы российской государственности преп. Шаповалов И.С. 292,,Физическая культура и спорт,,,Ин.яз. доц. Вострикова И.Ю. 309П,,СПЭД доц. Копытин А.В. 301П,Физическая культура и спорт,Физическая культура и спорт,Физическая культура и спорт,,Физическая культура и спорт,Физическая культура и спорт,Физическая культура и спорт,Физическая культура и спорт,,,,Теория функций комплексного переменного доц. Попов М.И. 477,,,,,,,,,,,,Дифференциальные уравнения доц. Некрасова Н.Н. 479,,,Ин.яз. доц. Барабушка И.А. 308П,,ООП доц. Вахтин А.А. 384,Структуры и алгоритмы компьютерной обработки данных ст.преп. Коротков В.В. 505П,,,Компьютерная геометрия и геометрическое моделирование доц. Хлебостроев В.Г. 383,,Параллельное программирование ст.преп. Романов А.В. 385,,Электродинамика ст.преп. Некипелов Е.А. 291,,ТИПиС ст.преп. Ермаков М.В. 295,ТИПиС ст.преп. Ермаков М.В. 295,,,Введение в системы искусственного интеллекта доц. Гаршина В.В.  316П,Введение в системы искусственного интеллекта доц. Гаршина В.В.  316П,Операционные системы доц. Самодуров А.С. 387,Проектирование баз данных доц. Михайлюк Е.А. 297,,,,,Ин.яз. доц. Стрельникова М.А. 303П,,,,ПиАПС асс. Соколов В.А. 381,Теория информации ст.преп. Попова Е.В. 382,Электроника и схемотехника асс. Медведев Н.А. 307П,,,Теория вероятностей и математическая статистика ст.преп. Голованов Д.Ю. 319,,,Программная инженерия доц. Михайлов Е.М. 290,Программная инженерия доц. Михайлов Е.М. 290,Информационные системы и технологии в медицине проф. Туровский Я.А. 190А,,Линейная алгебра в квантовых вычислениях проф. Клинских А.Ф. 314П,,,,,,,,,,,,,,,,,,,,,,,,,,,,,,,,,,,,,,
,,,,,,,,,,,СПЭД доц. Копытина Е.А. 314П,,,Основы российской государственности преп. Шаповалов И.С. 290,,,,Введение в программирование ст.преп. Нужных А.В. 295,,Документоведение доц. Борисова А.А. 301П,Физическая культура и спорт,,,,,,,Ин.яз. преп. Гафарова М.Х.  309П,,,Дискретная математика проф. Кургалин С.Д. 477,,,,Дискретная математика проф. Кургалин С.Д. 477,,,,,,,,,,Электричество и магнетизм доц. Чуракова Т.А.  479,,,,Объектно-ориентированное программирование доц. Вахтин А.А. 292,,,,,Параллельное программирование ст.преп. Романов А.В. 316П,,Компьютерная геометрия и геометрическое моделирование доц. Хлебостроев В.Г. 383,,ТИПиС ст.преп. Ермаков М.В. 297,Проектирование баз данных доц. Михайлюк Е.А. 381,Теория информации ст.преп. Попова Е.В. 291,,,,МиСПИС асс. Соколов В.А. 387,,,,,,,,,,,,,,,,Ин.яз. доц. Барабушка И.А. 308П,,,,,,,,ММКЗ асс. Бородин А.В. 384,Линейная алгебра в квантовых вычислениях проф. Клинских А.Ф. 382,,,,,,,,,,,,,,,,,,,,,,,,,,,,,,,,,,,,,Интеллектуальные системы поддержки принятия решений доц. Гаршина В.В. 293
,15:10-16:45,Физическая культура и спорт,,,,,,Ин.яз. преп. Землянухина В.А.  303П,СПЭД доц. Копытин А.В.  297,Математический анализ ст.преп. Пашкевич А.А. 505П,,Физическая культура и спорт,СПЭД доц. Копытина Е.А. 301П,Физическая культура и спорт,Физическая культура и спорт,Введение в программирование доц. Авсеева О.В. 291,,Основы российской государственности преп. Шаповалов И.С. 305П,,Информатика доц. Самодуров А.С.  316П,,,Ин.яз. преп. Гафарова М.Х. 309П,,,,,,,,,,Дифференциальные уравнения доц. Некрасова Н.Н. 292,,,,,,,,Культурология доц. Якушкина Е.И. (ДО),,,,,,,,Теория вероятностей и математическая статистика проф. Семенов М.Е. 479,,СиАКОД  ст.преп. Коротков В.В. 385,,Компьютерная геометрия и графика асс. Пауков Н.В. 314П,Компьютерная геометрия и геометрическое моделирование доц. Хлебостроев В.Г. 477,,,,,,Теория информации ст.преп. Попова Е.В. 295,,,,Введение в системы искусственного интеллекта доц. Гаршина В.В. 290,,Проектирование баз данных доц. Михайлюк Е.А. 383,,,,,,,,,,,,Ин.яз. доц. Вострикова И.Ю. 308П,,ТИПиС ст.преп. Ермаков М.В. 382,,,,,Проектирование информационных систем асс. Соколов В.А. 293,,Информационные системы и технологии в медицине проф. Туровский Я.А. 190А,Линейная алгебра в квантовых вычислениях проф. Клинских А.Ф. 307П,,,,,,,,,,,,,,,,,,,,,,,,,,,,,,,,,,,,,,
,,,,,,,,,Ин.яз. преп. Землянухина В.А.  301П,,,,,СПЭД доц. Копытина Е.А. 384,,Введение в программирование доц. Авсеева О.В. 290,Введение в программирование доц. Авсеева О.В. 290,,,СПЭД доц. Копытин А.В. 314П,Документоведение доц. Борисова А.А. 383,,,,,,,Физическая культура и спорт,,,,,,,,,,,Культурология доц. Якушкина Е.И. (ДО),,,,,,,,,,,,Ин.яз. преп. Семенов В.П. 308П, СиАКОД  ст.преп. Коротков В.В. 303П,,,,Параллельное программирование ст.преп. Романов А.В. 291,,МиСПИС асс. Соколов В.А. 316П,МиСПИС асс. Соколов В.А. 316П,Электродинамика ст.преп. Некипелов Е.А. 477,,,,,,,,Проектирование баз данных асс. Шишко Ю.В. 297,Разработка мобильных приложений асс. Ушаков В.А. 381,,ОС доц. Самодуров А.С.  387,,,,,,,,,,,,,Проектирование баз данных доц. Михайлюк Е.А. 385,,Информационные системы и технологии в медицине проф. Туровский Я.А. 190А,ММКЗ асс. Бородин А.В. 382,,,,,,,,,,,,,,,,,,,,,,,,,,,,,,,,,,,,,,,Интеллектуальные системы поддержки принятия решений доц. Гаршина В.В. 293
,16:55-18:30,,,,,,,,Ин.яз. преп. Землянухина В.А.  309П,Введение в программирование ст.преп. Соломатин Д.И. 297,Физическая культура и спорт,СПЭД доц. Копытина Е.А. 314П,Физическая культура и спорт,,,Математический анализ ст.преп. Пашкевич А.А. 305П,,Физическая культура и спорт,,Физическая культура и спорт,,Ин.яз. преп. Гафарова М.Х. 308П,,,,,,,,,,,,,,,,,Психология личности и ее саморазвития  Кожевникова Е.В. (ДО),,,,Культурология доц. Якушкина Е.И. (ДО),,,,,,,,СиАКОД  ст.преп. Коротков В.В. 290,,ТВиМС ст.преп. Залыгаева М.Е. 383,,,,,,,,,,,,,Электродинамика ст.преп. Некипелов Е.А. 505П,,Разработка мобильных приложений асс. Ушаков В.А. 292,,МиСПИС  асс. Соколов В.А. 301П,Системы информационной поддержки ЖЦ проф. Чижов М.И. 293,,,,,,,,,Электроника и схемотехника асс. Медведев Н.А. 307П,,,,Проектирование информационных систем асс. Соколов В.А. 301П,Язык программирования Java асс. Яровитчук П.О. 381,ММКЗ асс. Бородин А.В. 303П,Нейрокомпьютерный интерфейс проф. Туровский Я.А. 190А,Линейная алгебра в квантовых вычислениях проф. Клинских А.Ф. 291,,,,,,,,,,,,,,,,,,,,,,,,,,,Инсталляция и настройка ПО Русанов 124,Инсталляция и настройка ПО Русанов 124,,,,,,,,,,
,,,, ,,,,,,СПЭД доц. Копытина Е.А. 314П,,,,Физическая культура и спорт,,,,,,Физическая культура и спорт,,,,,,,,,,,,,,,,,,,Культурология доц. Якушкина Е.И. (ДО),,,,Психология личности и ее саморазвития  Кожевникова Е.В. (ДО),,,,,,,, СиАКОД  ст.преп. Коротков В.В. 303П,,,,,,,,,,,,,,,,,Разработка мобильных приложений асс. Ушаков В.А. 381,Проектирование баз данных асс. Шишко Ю.В. 297,ОС доц. Самодуров А.С.  387,МиСПИС  асс. Соколов В.А. 301П,,,,,,,,,,,,,Язык программирования Java асс. Яровитчук П.О. 291,,Нейрокомпьютерный интерфейс проф. Туровский Я.А. 190А,,Математические методы компьютерного зрения асс. Бородин А.В. 385,,,,,,,,,,,,,,,,,,,,,,,,,,Инсталляция и настройка ПО Русанов 124,,,,,,,,,,,,Интеллектуальные системы поддержки принятия решений доц. Гаршина В.В. 293
,18:40-20:00,,,,,,,,,,,,,,,,,,,,,,,,,,,,,,,,,,,,,,Психология личности и ее саморазвития  Кожевникова Е.В. (ДО),,,,,,,,,,,,Теория вероятностей и математическая статистика ст.преп. Залыгаева М.Е. 292,,,,,,,,,,,,,,,Основы компьютерной бухгалтерии ст.преп. Бебнева С.В. 290,Основы компьютерной бухгалтерии ст.преп. Бебнева С.В. 290,Электродинамика ст.преп. Некипелов Е.А. 505П,,Системы информационной поддержки ЖЦ проф. Чижов М.И. 382,Проектирование баз данных асс. Ушаков В.А. 293,,,,,,,,,,,,,Язык программирования Java асс. Яровитчук П.О. 291,,Математические методы компьютерного зрения асс. Бородин А.В. 383,,,,,,,,,,,,,,,,,,,,,,,,,,,,,,,,,,,,,,Теоретико-числовые методы в криптографии Русанов 214,,
,,,,,,,,,,,,,,,,,,,,,,,,,,,,,,,,,,,,,,,,,,,,,,,,,,,,,,,,,,,,,,,,,,,,Проектирование баз данных асс. Шишко Ю.В. 385,,Проектирование баз данных асс. Ушаков В.А. 293,,,,,,,,,,Информационные технологии асс. Борисенков В.Э. 301П,,,,Язык программирования Java асс. Яровитчук П.О. 381,,,,,ММКЗ асс. Бородин А.В. 297,,,,,,,,,,,,,,,,,,,,,,,,,,,,,,,,,,,,,
,20:10-21:30,,,,,,,,,,,,,,,,,,,,,,,,,,,,,,,,,,,,,,,,,,,,,,,,,,,,,,,,,,,,,,,,,,,,,,,,,,,,,,,,,,,,,,,,,,,,,,,,,,,,,,,,,,,,,,,,,,,,,,,,,,,,,
,,,,,,,,,,,,,,,,,,,,,,,,,,,,,,,,,,,,,,,,,,,,,,,,,,,,,,,,,,,,,,,,,,,,,,,,,,,,,,,,,,,,,,,,,,,,,,,,,,,,,,,,,,,,,,,,,,,,,,,,,,,,,,
,,,,,,,,,,,,,,,,,,,,,,,,,,,,,,,,,,,,,,,,,,,,,,,,,,,,,,,,,,,,,,,,,,,,,,,,,,,,,,,,,,,,,,,,,,,,,,,,,,,,,,,,,,,,,,,,,,,,,,,,,,,,,,
Пятница,8:00 - 9:35,Введение в программирование (id=10570) ст.преп. Соломатин Д.И. (ДО) ,,,,,,,,Введение в программирование (id=10570) ст.преп. Соломатин Д.И. (ДО) ,,,,,,,,Введение в программирование (id=10570) ст.преп. Соломатин Д.И. (ДО) ,,,,Введение в программирование (id=10570) ст.преп. Соломатин Д.И. (ДО),,Программирование (id=10570) ст.преп. Соломатин Д.И. (ДО) ,,,Введение в программирование (id=10570) ст.преп. Соломатин Д.И. (ДО) ,,,,,,,,,,Основы Python ст. преп. Чекмарев А.И. 295,Основы Python ст. преп. Чекмарев А.И. 295,,,,,,,,,,,,,,,,,,,,,,,,,,,,,,,,,,,,,,,,,,,Теория информации ст.преп. Попова Е.В. (ДО),Теория информации ст.преп. Попова Е.В. (ДО),Теория информации ст.преп. Попова Е.В. (ДО),,,Алгоритмы цифровой обработки сигналов доц. Михин Е.А. 301П,Ин.яз. преп. Гафарова М.Х. 308П,,Численные методы асс. Бородин А.В. 314П,,,Администрирование ИС доц. Маковий К.А. 383,,,,,,,,,,,,,,,,,,,,,,Экономика и финансовая грамотность доц. Дайнеко В.Г. (ДО),,,,,,,,Методы оптимизации доц. Атанов А.В. 477,,,,
,,,,,,,,,,,,,,,,,,,,,,,,,,,,,,,Основы Python ст. преп. Чекмарев А.И. 316П,Основы Python ст. преп. Чекмарев А.И. 316П,,,Ин.яз.  преп. Гавриш О.А. 309П,,,,,,,,,,,,,,,,,,,,,,,,,,,,,,,,,,,,,,,,,,,,Ин.яз. доц. Вострикова И.Ю. (ДО),,,,,,,Численные методы асс. Бородин А.В. 314П,,Ин.яз. преп. Гафарова М.Х. 308П,Алгоритмы цифровой обработки сигналов доц. Михин Е.А. 301П,,,,,,,,,,,,,Администрирование ИС доц. Маковий К.А. 385,,Технологии искусственного интеллекта доц. Илларионов И.В. 293,ТОИ асс. Бережнов Н.И. 384,,,,,,,,,,,,,,,Математическое моделирование ст.преп. Залыгаева М.Е.  290,Математическое моделирование ст.преп. Залыгаева М.Е.  290,,,,,
,9:45 - 11:20,Деловое общение и культура речи преп. Пархоц Э.О. (ДО),,,,Основы российской государственности (id=27363) преп. Шаповалов И.С. (ДО) ,,История России доц. Лавлинский С.А. (ДО),,Введение в программную инженерию проф. Чижов М.И. (ДО),,,,,,,,Документоведение (id=5490) доц. Борисова А.А. (ДО) ,,,,Документоведение и оформление служебной документации (id=5490) доц. Борисова А.А. (ДО) ,,,,,,,,,Дифференциальные уравнения доц. Каверина В.К. 477,,,,,,,,Теория вероятностей ст.преп. Попова А.Е. 479,,,,,,,,Технологии и методы програм. доц. Хлебостроев В.Г. 382,,,,,,,Базы данных асс. Черницын Д.В. 316П,,Дифференциальные уравнения доц. Атанов А.В. 305П,,,,,,,,,,,,,,,,Физика (id=6863) доц. Крыловецкая Т.А. (ДО),,,,,,Электроника и схемотехника (id=15634) ст.преп. Попова Е.В. (ДО),,,Электроника и схемотехника (id=15634) ст.преп. Попова Е.В. (ДО),,,Физика (id=6863) доц. Крыловецкая Т.А. (ДО),,,Алгоритмы цифровой обработки сигналов доц. Михин Е.А. 381,Численные методы асс. Бородин А.В. 297,Ин.яз. преп. Гафарова М.Х. 308П,Интеграция механизмов защиты в жизненный цикл ИС ст.преп. Ермаков М.В. 505П,,Технологии искусственного интеллекта  доц. Илларионов И.В. 290,Технологии искусственного интеллекта  доц. Илларионов И.В. 290,,,,,Администрирование ИС доц. Маковий К.А. 291,,,,,,Управление проектами ст.преп. Коротков В.В.  295,Управление проектами ст.преп. Коротков В.В.  295,,,Ин.яз. преп. Гавриш О.А. 309П,,,,,,Экономика и финансовая грамотность доц. Дайнеко В.Г. (ДО),,,,,,Квантовые вычисления проф. Клинских А.Ф. 292,,,,,,
,,Системы подготовки электронных документов (id=5217) доц. Копытина Е.А. (ДО),,,,,,,,Системы подготовки электронных документов (id=5217) доц. Копытина Е.А. (ДО) ,,,,,,,,Системы подготовки электронных документов (id=5217) доц. Копытина Е.А. (ДО) ,,,,Системы подготовки электронных документов (id=5217) доц. Копытина Е.А. (ДО),,Системы подготовки электронных документов и офисное программирование (id=5217) доц. Копытина Е.А. (ДО) ,,,,,,,,,,,,,,,,,,,,,,,,,,,,,,Базы данных асс. Черницын Д.В. 316П,Базы данных асс. Черницын Д.В. 316П,,,,,Введение в интернет вещей ст.преп. Максимов А.В. (ДО),,,,,,,,,,,,,,,,,,,,,,,,,,Ин.яз. преп. Гафарова М.Х. 308П,Численные методы асс. Бородин А.В. 297,Алгоритмы цифровой обработки сигналов доц. Михин Е.А. 381,,,,,,,,,,ТОИ ст.преп. Акимов А.В. 295,ТОИ ст.преп. Акимов А.В. 295,,,Администрирование ИС доц. Маковий К.А. 290,Администрирование ИС доц. Маковий К.А. 290,ТОИ асс. Бережнов Н.И. 385,,Технологии искусственного интеллекта доц. Илларионов И.В. 383,,,,,,,,Системы управления базами данных доц. Ляликова В.Г. (ДО),Системы управления базами данных доц. Ляликова В.Г. (ДО),,Компьютерное моделирование ст.преп. Швырева А.В. 293,,,Математическое моделирование ст.преп. Залыгаева М.Е. 291,,Математическое моделирование доц. Попов М.И. 314П,Квантовые вычисления проф. Клинских А.Ф. 301П,,,
,11:30-13:05,Деловое общение и культура речи доц. Саломатина М.С. (ДО),,,,,,,,,,Деловое общение и культура речи преп. Пархоц Э.О.  (ДО),,,,,,,,,,Документоведение и ОСД доц. Борисова А.А. (ДО),,Основы российской государственности преп. Шаповалов И.С. (ДО),,,,,,,Теория вероятностей ст.преп. Попова А.Е. 477,,,,,,,,Дифференциальные уравнения доц. Каверина В.К. 479,,,,,,,,,Технологии и методы програм. доц. Хлебостроев В.Г. 382,Основы Python  асс. Хакимов Л.Н. 381,,,,,Дифференциальные уравнения доц. Атанов А.В. 305П,,Базы данных асс. Черницын Д.В. 316П,,Теория информации (id=6563) доц. Борисов Д.Н. (ДО) ,,,,,,,,,,Теория информации (id=6563) доц. Борисов Д.Н. (ДО) ,,,,Теория информации (id=6563) доц. Борисов Д.Н. (ДО) ,,,,,,Теория информации (id=6563) доц. Борисов Д.Н. (ДО),,,Теория информации (id=6563) доц. Борисов Д.Н. (ДО),,,Методы оптимизации и математическое моделирование (id=9936) доц. Копытин А.В. (ДО) ,,Математические методы компьютерного зрения доц. Крыловецкий А.А. 292,,,,Интеграция механизмов защиты в жизненный цикл ИС ст.преп. Ермаков М.В. 293,Интеграция механизмов защиты в жизненный цикл ИС ст.преп. Ермаков М.В. 293,Администрирование ИС доц. Маковий К.А. 291,Администрирование ИС доц. Маковий К.А. 291,,,,,ТОИ ст.преп. Акимов А.В. 385,,,,,,ТОИ асс. Бережнов Н.И. 384,Технологии искусственного интеллекта доц. Илларионов И.В. 303П,,,,Ин.яз. преп. Гавриш О.А. 309П,Термодинамика доц. Крыловецкая Т.А. 505П,,Термодинамика доц. Крыловецкая Т.А. 505П,,Системы управления базами данных доц. Ляликова В.Г. (ДО),Системы управления базами данных доц. Ляликова В.Г. (ДО),Системы управления базами данных доц. Ляликова В.Г. (ДО),Компьютерное моделирование ст.преп. Швырева А.В. 383,,,Квантовые вычисления проф. Клинских А.Ф. 301П,,Ин.яз. преп. Семенов В.П.  308П,,ТОИ асс. Канюс А.С. 297,,Общение в современном мире ст.преп. Акованцева Н.В. (ДО)
,,,,,,Основы российской государственности (id=27363) преп. Шаповалов И.С. (ДО) ,,Деловое общение и культура речи преп. Пархоц Э.О. (ДО),,Введение в программную инженерию проф. Чижов М.И. (ДО),,,,,,,,,,,,,,,,,,,,,,,,,,,,,,,,,,,,,,,,,,,,,,Базы данных асс. Черницын Д.В. 316П,Базы данных асс. Черницын Д.В. 316П,,,,,,,,,,,,,,,,,,,,,,,,,,,Программная инженерия доц. Михайлов Е.М. (ДО),,,,,,,,,,,Авт. системы процессов спектрального анализа доц. Нестеров Д.Н. 301П,Термодинамика доц. Крыловецкая Т.А. 505П,,Администрирование ИС доц. Маковий К.А. 293,СМАД доц. Громковский А.А. 303П,ТОИ ст.преп. Акимов А.В. 291,,Термодинамика доц. Крыловецкая Т.А. 505П,,,,Технологии искусственного интеллекта доц. Илларионов И.В. 295,Технологии искусственного интеллекта доц. Илларионов И.В. 295,,,БМИЛ доц. Митрофанова Е.Ю. 290,БМИЛ доц. Митрофанова Е.Ю. 290,,,,,,,,,Операционные системы асс. Точилин А.С. 384,Ин.яз. преп. Гафарова М.Х. 308П,Квантовые вычисления проф. Клинских А.Ф.  385,Математическое моделирование доц. Попов М.И. 314П,,,
,13:25-15:00,,,,,,,,,Деловое общение и культура речи преп. Пархоц Э.О. (ДО),,,,,,,,,,,,,,,,,,,,,Физическая культура и спорт,,,,,,,,,,Теория вероятностей доц. Попов М.И. 307П,,Математический анализ доц. Михин Е.А. 305П,,Дифференциальные уравнения доц. Каверина В.К. 477,,,,Дифференциальные уравнения доц. Каверина В.К. 477,,Дифференциальные уравнения доц. Каверина В.К. 477,,,Физическая культура и спорт,,,,Операционные системы (id=11316) проф. Савинков А.Ю. (ДО) ,,,,,,,,Операционные системы (id=11316) проф. Савинков А.Ю. (ДО) ,,,,,,Операционные системы (id=11316) проф. Савинков А.Ю. (ДО),,,,,,Операционные системы (id=11316) проф. Савинков А.Ю. (ДО),,,Операционные системы (id=11316) проф. Савинков А.Ю. (ДО),,,Операционные системы (id=11316) проф. Савинков А.Ю. (ДО),,Термодинамика доц. Крыловецкая Т.А. 292,,Термодинамика доц. Крыловецкая Т.А. 292,,Администрирование ИС доц. Маковий К.А. 293,,,,Авт. системы процессов спектрального анализа доц. Нестеров Д.Н. 303П,,БМИЛ доц. Митрофанова Е.Ю.   290,БМИЛ доц. Митрофанова Е.Ю.   290,Управление проектами ст.преп. Коротков В.В. 385,,ТОИ ст.преп. Акимов А.В. 295,ТОИ ст.преп. Акимов А.В. 295,,,Технологии обработки информации доц. Иванков А.Ю. 479,,,,,,,,,,Системы управления базами данных доц. Ляликова В.Г. (ДО),,,,Компьютерное моделирование ст.преп. Швырева А.В.  384,Программирование в ERP доц. Илларионов И.В. 314П,Ин.яз. преп. Гафарова М.Х. 309П,Квантовые вычисления проф. Клинских А.Ф. 291,,,БМИЛ доц. Митрофанова Е.Ю.   290,ТОИ асс. Канюс А.С. 297,Общение в современном мире ст.преп. Акованцева Н.В. (ДО)
,,,,,,,,,,,,,,Деловое общение и культура речи преп. Пархоц Э.О. (ДО),,,,,,,,,,,,,,,,,,,,,,,,,,,,,,,,,,,,,,,,,,,,,,,,,,,,,,,,,,,,,,,,,,,,,,,,,,,,,,,,Авт. системы процессов спектрального анализа доц. Нестеров Д.Н. 505П,,ТОИ ст.преп. Акимов А.В. 295,ТОИ ст.преп. Акимов А.В. 295,СМАД доц. Громковский А.А. 303П,,Администрирование ИС доц. Маковий К.А. 316П,Администрирование ИС доц. Маковий К.А. 316П,Управление проектами ст.преп. Коротков В.В. 385,,,,,,,,,,БМИЛ доц. Митрофанова Е.Ю. 290,БМИЛ доц. Митрофанова Е.Ю. 290,,,,Программирование в ERP доц. Илларионов И.В. 383,,Компьютерное моделирование ст.преп. Швырева А.В.  293,,Операционные системы асс. Точилин А.С. 384,,Ин.яз. преп. Семенов В.П.  308П,,,
,15:10-16:45,,,,,,,,,,,,,,,,,,,,,,,,,,,,,,,,,,,,,,Физическая культура и спорт,,,,,,Основы информационной безопасности  доц. Мальцев А.С. 479,,,,Основы информационной безопасности  доц. Мальцев А.С. 479,,Физическая культура и спорт,,Физическая культура и спорт,,Ин.яз. преп. Семенов В.П. 308П,,,Информационные технологии (id=7341) доц. Михайлов Е.М. (ДО) ,,,,,,,,Информационные технологии (id=7341) доц. Михайлов Е.М. (ДО) ,,,,,,Информационные технологии (id=7341) доц. Михайлов Е.М. (ДО) ,,,,,,Информационные технологии доц. Михайлов Е.М. (ДО),,,,,,Методы оптимизации и математическое моделирование доц. Копытин А.В. (ДО),,,,НИР,НИР,,,,,ТОИ ст.преп. Акимов А.В. 383,,Разработка приложений для систем МО асс. Отырба Р.Р. 292,,,,Администрирование ИС доц. Маковий К.А. 291,,,,Моделирование систем ст.преп. Швырева А.В.  295,Моделирование систем ст.преп. Швырева А.В.  295,Управление проектами ст.преп. Коротков В.В. 301П,ТПО ст.преп. Кузнецова И.Ю. 314П,ТОИ асс. Канюс А.С. 385,,Технологии обработки информации доц. Иванков А.Ю. 477,,,,,,,,,Технологии искусственного интеллекта доц. Илларионов И.В. 293,,Ин.яз. преп. Гафарова М.Х. 303П,,,Технологии обработки информации доц. Иванков А.Ю. 477,,Интеллектуальные системы поддержки принятия решений доц. Гаршина В.В. (ДО)
,,,,,,,,,,,,,,,,Деловое общение и культура речи преп. Пархоц Э.О. (ДО),,,,,,,,,,,,,,,,,,,,,,,,,,,,,,,,,,,,,,,,,,,,,,,,,,,,,,Системы информационной поддержки ЖЦ проф. Чижов М.И. (ДО),,,,Теория информации ст.преп. Попова Е.В. (ДО),Теория информации ст.преп. Попова Е.В. (ДО),,,,,,,,,,,,,,,,,,,ТОИ ст.преп. Акимов А.В. 290,ТОИ ст.преп. Акимов А.В. 290,,,СМАД доц. Громковский А.А. 505П,,,,,,,,ТПО ст.преп. Кузнецова И.Ю. 297,Управление проектами ст.преп. Коротков В.В. 301П,ТОИ асс. Канюс А.С. 381,,,,,,,,,,,,,,Ин.яз. преп. Семенов В.П.  309П,,,,
,16:55-18:30,,,,,,,,,,,,,,,,,,,,,,,,,,,,,,,,,,,,,,,,,,,,Физическая культура и спорт,,Физическая культура и спорт,,Физическая культура и спорт,,Основы менеджмента доц. Кравец М.А. 479,,,,,,,,,,,,,Теория информации ст.преп. Попова Е.В. (ДО),,,,,,,,,,,,,,,,,,Физическая культура и спорт,Физическая культура и спорт,,,,,,,,,,,Администрирование ИС доц. Маковий К.А. 383,,Разработка приложений для систем МО асс. Отырба Р.Р. 290,Разработка приложений для систем МО асс. Отырба Р.Р. 290,,,,,,,Технологии искусственного интеллекта доц. Илларионов И.В. 385,,,,,ТОИ асс. Канюс А.С. 301П,Моделирование систем ст.преп. Швырева А.В. 295,Моделирование систем ст.преп. Швырева А.В. 295,ПАСЗИ асс. Соколов В.А. 316П,ПАСЗИ асс. Соколов В.А. 316П,Методы и средства криптографической защиты информации   Филонов 124,,,,,Программирование в ERP асс. Крутаков Р.С. 293,,,,,,,Интеллектуальные системы поддержки принятия решений доц. Гаршина В.В. (ДО)
,,,,,,,,,,,,,,,,,,,,,,,,,,,,,,,,,,,,,,,,,,,,,,,,,,,,,,,,,,,,,,Теория информации ст.преп. Попова Е.В. (ДО),,,,,,,,,,,,,,,,,,,,,,,,,,,,,,,,Администрирование ИС доц. Маковий К.А. 290,Администрирование ИС доц. Маковий К.А. 290,,,,,,,,,,,ТОИ асс. Канюс А.С. 385,,,,,,,,,,,,,,,,,,Методы верификации ст.преп. Акимов А.В.  382,,
,18:40-20:00,,,,,,,,,,,,,,,,,,,,,,,,,,,,,,,,,,,,,,,,,,,,,,,,,,,,Основы менеджмента доц. Кравец М.А. 305П,,,,,Теория информации ст.преп. Попова Е.В. (ДО),,,,,,,,,,,,,,,,,,,,,,,,,,,,,,,,,,,,,,Технологии искусственного интеллекта  доц. Илларионов И.В. 290,Технологии искусственного интеллекта  доц. Илларионов И.В. 290,,,,,,,,,ТОИ асс. Канюс А.С. 295,ТОИ асс. Канюс А.С. 295,,,ПАСЗИ асс. Соколов В.А. 383,ПАСЗИ асс. Соколов В.А. 383,ОУИБ ст.преп. Ульянов В.А. 316П,ОУИБ ст.преп. Ульянов В.А. 316П,,,,,,,,,,,,,
,,,,,,,,,,,,,,,,,,,,,,,,,,,,,,,,,,,,,,,,,,,,,,,,,,,Основы менеджмента доц. Кравец М.А. 305П,,,,,,,,,,,,,,,,,,,,,,,,,,,,,,Основы управленческой деятельности преп. Столярова Я.С. (ДО),,,,,,,,,,,,,,,Администрирование ИС доц. Маковий К.А. 383,,,,,,,,,,,,,,ПАСЗИ асс. Соколов В.А. 295,ПАСЗИ асс. Соколов В.А. 295,,,,,,,,,,,,,,,
,20:10-21:30,,,,,,,,,,,,,,,,,,,,,,,,,,,,,,,,,,,,,,,,,,,,,,,,,,,,,,,,,,,,,,,,,,,,,,,,,,,,,,,,,,,,,,,,,,,,,,,,,,,,,,,,,,,,,,,,,,,,,,,,,,,,,
,,,,,,,,,,,,,,,,,,,,,,,,,,,,,,,,,,,,,,,,,,,,,,,,,,,,,,,,,,,,,,,,,,,,,,,,,,,,,,,,,,,,,,,,,,,,,,,,,,,,,,,,,,,,,,,,,,,,,,,,,,,,,,
,,,,,,,,,,,,,,,,,,,,,,,,,,,,,,,,,,,,,,,,,,,,,,,,,,,,,,,,,,,,,,,,,,,,,,,,,,,,,,,,,,,,,,,,,,,,,,,,,,,,,,,,,,,,,,,,,,,,,,,,,,,,,,
Суббота,8:00 - 9:35,Основы российской государственности (id=27363) преп. Шаповалов И.С. 305П,,,,,,,,,,Ин.яз. преп. Семенов В.П.  309П,,,,,,Психология личности и ее саморазвития преп. Кожевникова Е.В. 307П,,,,,Информатика доц. Самодуров А.С. 301П,,,,,,,,,,,,,,,,,,,,ООП ст.преп. Самойлов Н.К. 382,,"9-00 Русский язык для иностранцев,главный корпус ВГУ, ауд. 304",,,,,,,,,"Русский язык для иностранцев,главный корпус ВГУ, ауд. 304",,"Русский язык для иностранцев,главный корпус ВГУ, ауд. 304",,Физическая культура и спорт,,Введение в интернет вещей ст.преп. Максимов А.В. 314П,МиСПИС  асс. Соколов В.А. 293,Информационные технологии доц. Троценко А.С.  295,Информационные технологии доц. Троценко А.С.  295,,,,,Физическая культура и спорт,,Методы оптимизации доц. Дробышев А.А. 479,,Проектирование баз данных ст.преп. Чекмарев А.И. 290,,Информационные технологии доц. Юров А.Н.  316П,Информационные технологии доц. Юров А.Н.  316П,,,Физическая культура и спорт,,,,,,,Учет в системе 1C ст.преп. Бебнева С.В. 303П,Введение в машинное обучение и анализ данных асс. Бородин А.В. 297,,,,НИР,,,,НИР,,НИР,,НИР,,Технологии искусственного интеллекта  доц. Илларионов И.В. 385,,,,НИР,,,,НИР,,,,,,,,,,,,,,,,Теоретико-числовые методы в криптографии Русанов 214,,
,,,,,,,,,,,,,,,,,,,,Деловое общение и культура речи преп. Пархоц Э.О. 505П,,,,,,,,,,,,,,,,,,,БД асс. Бондарева Л.О. 291,,,,Ин.яз. преп. Барсукова Н.В. 303П,ООП ст.преп. Самойлов Н.К. 382,,,,,Ин.яз. преп. Гафарова М.Х. 308П,,,,,,,,,,,Физическая культура и спорт,Информационные технологии доц. Троценко А.С. 297,Физическая культура и спорт,,Проектирование баз данных доц. Михайлюк Е.А. 384,МиСПИС асс. Соколов В.А. 314П,,,,,,,Проектирование баз данных ст.преп. Чекмарев А.И.  295,Проектирование баз данных ст.преп. Чекмарев А.И.  295,Теория информации ст.преп. Попова Е.В. 290,Теория информации ст.преп. Попова Е.В. 290,,,,,,,,,Интеграция бизнес-процессов в ERP системах (id=3107) доц. Илларионов И.В. 292,,,,Численные методы  асс. Бородин А.В. 383,,,,,,,,,,,,,,Информационные системы и технологии цифрового дизайна доц. Юров А.Н. 477,,,,,,,,,,,,,,,,,,,,,,,,
,9:45 - 11:20,,Теоретические основы информатики асс. Соколов В.А. 303П,,Ин.яз.  преп. Барсукова Н.В.  308П,,,,,,,Ин.яз. преп. Семенов В.П.  309П,,,,,,Психология личности и ее саморазвития  преп. Кожевникова Е.В. 505П,,,,,Введение в программирование ст.преп. Соломатин Д.И. 381,,,,,,,,,,,,,,,,БД асс. Бондарева Л.О. 297,ООП ст.преп. Самойлов Н.К. 382,,,Теория вероятностей доц. Попов М.И. 292,,"9-00 Русский язык для иностранцев,главный корпус ВГУ, ауд. 304",,Теория вероятностей и математическая статистика ст.преп. Залыгаева М.Е. 305П,,Теория вероятностей и математическая статистика ст.преп. Некипелов Е.А. 307П,,Основы маркетинга доц. Белова Н.Н. 477,,,"Русский язык для иностранцев,главный корпус ВГУ, ауд. 304",,"Русский язык для иностранцев,главный корпус ВГУ, ауд. 304",,Информационные технологии доц. Троценко А.С. 314П,ОС доц. Самодуров А.С. 387,Физическая культура и спорт,Физическая культура и спорт,Теория информации ст.преп. Попова Е.В. 291,,,,Методы оптимизации доц. Дробышев А.А. 479,,,,,,Физическая культура и спорт,,Проектирование баз данных  ст.преп. Чекмарев А.И. 316П,,Теория автоматов и формальных языков асс. Крутских В.В. 295,,Методы и средства криптографической защиты информации доц. Дрюченко М.А.  385,,,,,,Физическая культура и спорт,,Численные методы асс. Бородин А.В. 383,,,Ин.яз. преп. Гафарова М.Х. 301П,НИР,,НИР,,НИР,,НИР,,НИР,,Технологии искусственного интеллекта  доц. Илларионов И.В. 290,Технологии искусственного интеллекта  доц. Илларионов И.В. 290,,,НИР,,Моделирование систем ст.преп. Швырева А.В. (ДО),Моделирование систем ст.преп. Швырева А.В. (ДО),НИР,,,,,,,,,,,,,,,,,,
,,Ин.яз. преп. Семенов В.П. 309П,Теоретические основы информатики асс. Соколов В.А. 297,,,,,,,,,,,,,,,,,,,,,,,,,,,,,,УД асс. Фролова В.В. 291,,,,,,ООП ст.преп. Самойлов Н.К. 382,БД асс. Бондарева Л.О. 293,,,,,,,,,,,,,,,,,,Физическая культура и спорт,,Информационные технологии доц. Троценко А.С. 383,ОС доц. Самодуров А.С. 384,Проектирование баз данных доц. Михайлюк Е.А. 314П,,Физическая культура и спорт,,,,,,,,,,Проектирование баз данных  ст.преп. Чекмарев А.И. 316П,Проектирование баз данных  ст.преп. Чекмарев А.И. 316П,Физическая культура и спорт,,,,Теория информации ст.преп. Попова Е.В. 387,,,,,,,Ин.яз. преп. Гафарова М.Х. 303П,Введение в машинное обучение и анализ данных асс. Бородин А.В. 290,Введение в машинное обучение и анализ данных асс. Бородин А.В. 290,,,,,,,,,,,,,ИСиТЦД доц. Юров А.Н. 295,ИСиТЦД доц. Юров А.Н. 295,,,,,,,,,,,,,,,,,,,,,,,
,11:30-13:05,Ин.яз. преп. Семенов В.П. 292,,,Теоретические основы информатики асс. Соколов В.А. 314П,Теоретические основы информатики асс. Бондарева Л.О. 301П,СПЭД доц. Копытин А.В.  382,,,,,,,,,,,,,Психология личности и ее саморазвития  преп. Кожевникова Е.В. 291,,Информатика доц. Самодуров А.С. 384,,,,,,,,,,,,,,,,,Теория вероятностей доц. Попов М.И. 305П,,ООП ст.преп. Самойлов Н.К. 290,ООП ст.преп. Самойлов Н.К. 290,,Ин.яз. преп. Барсукова Н.В. 309П,Разработка приложений на C++ доц. Дрюченко М.А. 479,,,,Разработка приложений на C++ доц. Дрюченко М.А. 479,,ТВиМС ст.преп. Залыгаева М.Е. 383,,Основы маркетинга доц. Белова Н.Н. 477,,,,,ОТХиОД доц. Маковий К.А. 387,Информационные технологии доц. Троценко А.С. 303П,,Введение в интернет вещей ст.преп. Максимов А.В. 381,Физическая культура и спорт,,Физическая культура и спорт,,Физическая культура и спорт,,Теория информации ст.преп. Попова Е.В. 385,,Физическая культура и спорт,,Теория автоматов и формальных языков  асс. Крутских В.В. 316П,,Физическая культура и спорт,,Физическая культура и спорт,,Методы оптимизации доц. Дробышев А.А. 505П,,,Физическая культура и спорт,,Электроника и схемотехника асс. Медведев Н.А. 307П,Учет в системе 1C ст.преп. Бебнева С.В. 295,,Ин.яз. преп. Гафарова М.Х. 308П,Введение в машинное обучение и анализ данных асс. Бородин А.В. 293,Физическая культура и спорт,,НИР,,НИР,,НИР,,НИР,,НИР,,,,,,НИР,,Управление проектами ст.преп. Коротков В.В.  (ДО),Управление проектами ст.преп. Коротков В.В.  (ДО),Моделирование систем ст.преп. Швырева А.В. (ДО),Моделирование систем ст.преп. Швырева А.В. (ДО),,,,,,,,,,Методы экспертного оценивания доц. Алейникова Н.А. 297,,,,,Теоретико-числовые методы в криптографии  доц. Степанец Ю.А. (ДО),,
,,,Ин.яз.  преп. Семенов В.П. 308П ,Ин.яз. преп. Гавриш О.А.  309П,,,,,,,,,,Ин.яз. преп. Барсукова Н.В. 311,,,,,,Психология личности и ее саморазвития  преп. Кожевникова Е.В. 292,,,,,,,,,,,,,УД асс. Фролова В.В. 290,УД асс. Фролова В.В. 290,,,,,,,,,,,,,,,,,Основы маркетинга доц. Белова Н.Н. 477,,ТВиМС ст.преп. Залыгаева М.Е. 385,,,,,,,,Физическая культура и спорт,Введение в интернет вещей ст.преп. Максимов А.В. 293,,Информационные технологии асс. Рыжков В.А.  303П,Проектирование баз данных доц. Михайлюк Е.А.387,,,Физическая культура и спорт,,,,Теория информации ст.преп. Попова Е.В. 316П,Теория информации ст.преп. Попова Е.В. 316П,,,Проектирование баз данных асс. Хрипушин Д.А. 382,Информационные технологии доц. Юров А.Н. 381,,,,,,,Учет в системе 1C ст.преп. Бебнева С.В. 383,,Физическая культура и спорт,,,,,,,,,,,,,,,,,,,,,,,,,,,,,,,Информационный менеджмент доц. Соломатин А.И. 291,,,,,,,,,
,13:25-15:00,,Ин.яз.  преп. Семенов В.П.   308П ,,,СПЭД доц. Копытин А.В. 383,Теоретические основы информатики асс. Бондарева Л.О. 387,,,,,,,,,,,,,,,Введение в программирование ст.преп. Соломатин Д.И. 303П,,,,,,,,,,,,,ООП ст.преп. Самойлов Н.К. 316П,ООП ст.преп. Самойлов Н.К. 316П,,,,,Психология личности и ее саморазвития  Кожевникова Е.В. 305П,,,,Теория вероятностей и математическая статистика ст.преп. Залыгаева М.Е. 505П,,,Объектно-ориентированное программирование асс. Савин М.А. 382,Дискретная математика доц. Попов М.И. 479,,Управление данными асс. Фролова В.В. 385,,,,,,,Операционные системы доц. Самодуров А.С. 301П,ОТХиОД доц. Маковий К.А. 293,,,,,,Информационные технологии асс. Рыжков В.А.  297,МиСПИС  асс. Соколов В.А. 290,МиСПИС  асс. Соколов В.А. 290,,,Теория информации ст.преп. Попова Е.В. 295,,,,,,Проектирование баз данных асс. Хрипушин Д.А. 291,,,ТИПиС ст.преп. Ермаков М.В. 314П,Методы и средства криптографической защиты информации доц. Дрюченко М.А. 384,Электроника и схемотехника асс. Медведев Н.А. 307П,Электроника и схемотехника асс. Медведев Н.А. 307П,,Учет в системе 1C ст.преп. Бебнева С.В. 477,,Физическая культура и спорт,,Ин.яз. преп. Гафарова М.Х. 309П,,,,НИР,,,,НИР,,,,НИР,,,,НИР,,НИР,,Управление проектами ст.преп. Коротков В.В.  (ДО),Управление проектами ст.преп. Коротков В.В.  (ДО),,,,,,,,Методы экспертного оценивания доц. Алейникова Н.А. 292,,,,,,,Теоретико-числовые методы в криптографии   доц. Степанец Ю.А. (ДО),,
,,,,Ин.яз. преп. Гавриш О.А. 308П,,Ин.яз. преп. Землянухина В.А. 315,,,,,,,Ин.яз. преп. Семенов В.П.   309П,Ин.яз. преп. Барсукова Н.В. 477,,,,,,,,Введение в программирование ст.преп. Соломатин Д.И. 383,,,,,,,,,,,,,,,,,,,,,,,,,Объектно-ориентированное программирование асс. Савин М.А. 382,Разработка приложений на C++ асс. Пузатых М.С. 303П,,,,,,,,,,,,,,,Введение в интернет вещей ст.преп. Максимов А.В. 291,,,Информационные технологии асс. Рыжков В.А. 295,Информационные технологии асс. Рыжков В.А. 295,МиСПИС  асс. Соколов В.А. 290,МиСПИС  асс. Соколов В.А.  290,,,ОС доц. Самодуров А.С. 316П,ОС доц. Самодуров А.С. 316П,ТИПиС ст.преп. Ермаков М.В. 297,,Информационные технологии доц. Юров А.Н. 301П,Проектирование баз данных асс. Хрипушин Д.А. 293,Методы оптимизации доц. Дробышев А.А. 305П,,,,,,Учет в системе 1C ст.преп. Бебнева С.В. 314П,,,,,,,,,,,,,,,,,,,,,,,,,,,,,,,,,Информационный менеджмент доц. Соломатин А.И. 292,,,,,,,,,
,15:10-16:45,,,Теоретические основы информатики асс. Соколов В.А. 291,,Ин.яз. преп. Землянухина В.А. 303П,,,,,,,,,,,,,,,,СПЭД доц. Копытин А.В. 293,,,,,,,,,,,,,Управление данными асс. Фролова В.В. 385,,,,,,Ин.яз. преп. Семенов В.П.  309П,БД асс. Бондарева Л.О. 297,,,Основы Python асс. Хрипушин Д.А. 384,Объектно-ориентированное программирование асс. Савин М.А. 382,,,,,Управление данными ст.преп. Ермаков М.В. 292,,,Дифференциальные уравнения доц. Каверина В.К. 479,,,,ОТХиОД доц. Маковий К.А. 505П,,,,,,,,Основы компьютерной бухгалтерии ст.преп. Бебнева С.В. 477,,,,Информационные технологии асс. Рыжков В.А.  295,Информационные технологии асс. Рыжков В.А.  295,,,,,Ин.яз. преп. Гавриш О.А. 308П,Теория информации ст.преп. Попова Е.В. 383,Операционные системы доц. Самодуров А.С.  387,Электроника и схемотехника асс. Медведев Н.А. 307П,,,,,,,,,НИР,НИР,,,НИР,,,,,,,,НИР,,,,,,НИР,,НИР,,,,ТОИ асс. Пузатых М.С. 290,ТОИ асс. Пузатых М.С. 290,Методы и средства криптографической защиты информации  доц. Степанец Ю.А. (ДО),,,Методы экспертного оценивания доц. Алейникова Н.А. 314П,,,,,,,,,
,,,,,,,Ин.яз. преп. Землянухина В.А. 301П,,,,,,Ин.яз. преп. Семенов В.П.   309П,,,,,,,,,,,,,,,,,,УД асс. Фролова В.В. 385,,,,,,,,,,,,,,Объектно-ориентированное программирование асс. Савин М.А. 382,Основы Python асс. Хрипушин Д.А. 384,,,,,,,,,,,,,,,,,,,,,,Информационные технологии асс. Рыжков В.А.  295,Информационные технологии асс. Рыжков В.А.  295,,,,,,,,Ин.яз. преп. Гавриш О.А. 308П,,,,,,,,,,,,,,,,,,,,,,,,,,,,,,,,,ТОИ асс. Пузатых М.С. 290,ТОИ асс. Пузатых М.С. 290,,,,,,,,Информационный менеджмент доц. Соломатин А.И. 314П,,,,,,,
,16:55-18:30,,,Ин.яз. преп. Гавриш О.А. 309П,,Ин.яз. преп. Землянухина В.А.   303П,,,,,,,,,,,,,,,,,,,,,,,,,,,,,,,,,,,,,,,,,,,,,,,,Дифференциальные уравнения доц. Каверина В.К. 479,,,,,,,,,,,,,,,,,,,,,,,,,,,,,,,,,,НИР,НИР,,,,,,,,,,,НИР,,,,,,НИР,,"Русский язык для иностранцев,главный корпус ВГУ, ауд. 305П",,,,ТОИ асс. Пузатых М.С. 290,ТОИ асс. Пузатых М.С. 290,,,,,,,,,"Русский язык для иностранцев,главный корпус ВГУ, ауд. 305П",,,,
,,,,,,,,,,,,,,,,,,,,,,,,,,,,,,,УД асс. Фролова В.В. 295,УД асс. Фролова В.В. 295,,,,,,,,,,,,,,,,,,,,,,,,,,,,,,,,,,,,,,,,,,,,,,,,,,,,,,,,,,,,,,,,,,,,,,,,,,,,,,ТОИ асс. Пузатых М.С. 290,ТОИ асс. Пузатых М.С. 290,,,,,,,,,,,,,,,
,18:40-20:00,,,,,,,,,,,,,,,,,,,,,,,,,,,,,,,,,,,,,,,,,,,,,,,,,,,,,,,,,,,,,,,,,,,,,,,,,,,,,,,,,,,,,,,,,,,,,,,,,,,,,,,,,,,"Русский язык для иностранцев,главный корпус ВГУ, ауд. 305П",,,,,,,,,,,,,,"Русский язык для иностранцев,главный корпус ВГУ, ауд. 305П",,,,